Date,Open,High,Low,Close
2012/1/2,58.347954,58.347954,58.347954,58.347954
2012/1/3,58.347954,58.347954,58.347954,58.347954
2012/1/4,58.347954,58.347954,58.347954,58.347954
2012/1/5,58.347954,58.347954,58.347954,58.347954
2012/1/6,58.923519,60.794106,58.923519,59.06741
2012/1/9,59.355194,61.153835,58.707684,60.07465
2012/1/10,61.153835,63.887772,60.794106,62.592751
2012/1/11,62.880531,63.959717,61.873291,62.736641
2012/1/12,62.880531,62.880531,60.146595,60.57827
2012/1/13,60.938,61.44162,60.146595,61.009945
2012/1/16,61.873291,61.873291,60.506325,61.009945
2012/1/17,61.009945,65.254738,61.009945,65.254738
2012/1/18,65.614471,69.787315,65.614471,69.57148
2012/1/30,71.945686,74.104057,71.945686,74.104057
2012/1/31,76.622154,76.622154,69.067863,69.859261
2012/2/1,69.859261,70.938446,69.067863,70.506775
2012/2/2,70.506775,72.665146,68.348404,70.866501
2012/2/3,69.71537,70.57872,67.916733,69.067863
2012/2/6,73.384605,73.384605,70.147049,70.506775
2012/2/7,73.024872,75.183243,72.30542,75.183243
2012/2/8,76.622154,80.219444,76.262428,80.219444
2012/2/9,81.29863,85.615372,80.219444,83.457001
2012/2/10,84.895912,88.852928,83.457001,87.773743
2012/2/13,87.773743,89.212654,84.536186,89.212654
2012/2/14,89.212654,91.730751,87.414009,89.212654
2012/2/15,89.212654,92.090485,87.054283,88.852928
2012/2/16,87.054283,88.133469,82.737541,82.737541
2012/2/17,82.737541,84.536186,78.420799,84.176453
2012/2/20,84.895912,88.133469,81.29863,87.414009
2012/2/21,88.133469,88.852928,84.176453,85.615372
2012/2/22,85.615372,88.133469,84.895912,85.255638
2012/2/23,85.255638,88.493195,85.255638,86.694557
2012/2/24,87.773743,88.133469,84.895912,87.773743
2012/2/29,89.932114,93.889122,89.932114,93.889122
2012/3/1,95.328033,96.407227,92.090485,94.968307
2012/3/2,96.407227,99.285049,94.968307,97.486404
2012/3/5,95.687767,95.687767,91.730751,92.809937
2012/3/6,92.090485,92.809937,88.133469,92.809937
2012/3/7,89.212654,94.608582,89.212654,92.450211
2012/3/8,94.968307,96.407227,91.730751,92.809937
2012/3/9,93.16967,93.16967,89.932114,91.371025
2012/3/12,91.371025,92.809937,90.29184,91.011299
2012/3/13,93.16967,93.16967,89.212654,89.212654
2012/3/14,92.090485,95.328033,91.011299,95.328033
2012/3/15,95.328033,98.205864,93.529396,97.126678
2012/3/16,97.126678,102.882332,96.407227,100.364235
2012/3/19,100.364235,100.364235,93.529396,93.529396
2012/3/20,93.529396,95.687767,91.730751,94.248856
2012/3/21,93.889122,94.248856,87.773743,87.773743
2012/3/22,86.334824,93.889122,86.334824,92.090485
2012/3/23,90.651566,94.968307,89.212654,94.968307
2012/3/26,94.968307,94.968307,92.090485,92.450211
2012/3/27,94.248856,94.248856,89.57238,92.809937
2012/3/28,90.29184,93.16967,90.29184,92.090485
2012/3/29,91.011299,91.011299,85.975098,85.975098
2012/3/30,83.816727,87.414009,82.018082,85.975098
2012/4/2,85.975098,85.975098,80.57917,83.457001
2012/4/3,83.457001,83.457001,77.701347,77.701347
2012/4/5,72.665146,79.499985,72.30542,78.780525
2012/4/6,78.780525,84.176453,77.701347,81.658356
2012/4/9,76.262428,81.29863,76.262428,81.29863
2012/4/10,83.457001,84.176453,79.859711,81.29863
2012/4/11,79.499985,84.895912,79.499985,84.176453
2012/4/12,84.536186,86.694557,83.816727,84.536186
2012/4/13,86.334824,87.414009,85.255638,85.255638
2012/4/16,84.176453,86.334824,83.816727,86.334824
2012/4/17,86.334824,87.054283,81.658356,81.658356
2012/4/18,84.176453,84.176453,80.219444,80.57917
2012/4/19,80.57917,80.57917,75.542976,79.140259
2012/4/20,77.701347,78.780525,75.902702,76.622154
2012/4/23,76.262428,78.061073,75.542976,77.341614
2012/4/24,77.701347,79.859711,76.262428,77.341614
2012/4/25,79.140259,81.29863,78.061073,79.859711
2012/4/26,80.938904,82.018082,76.262428,76.262428
2012/4/27,76.622154,77.341614,71.370125,71.370125
2012/4/30,71.370125,74.104057,67.269218,67.485054
2012/5/2,68.56424,71.945686,67.772842,71.945686
2012/5/3,71.945686,73.744331,70.218994,72.665146
2012/5/4,71.945686,73.744331,71.082336,71.58596
2012/5/7,66.909492,67.556999,66.621712,66.621712
2012/5/8,67.341164,68.132568,66.909492,68.060623
2012/5/9,66.909492,68.780075,66.621712,67.556999
2012/5/10,68.132568,68.132568,65.974197,66.693649
2012/5/11,66.765602,68.636185,66.118088,67.269218
2012/5/14,68.204514,69.643425,67.772842,68.420349
2012/5/15,67.844788,72.665146,67.628944,72.665146
2012/5/16,72.665146,74.463791,71.945686,73.384605
2012/5/17,75.902702,78.420799,75.542976,78.420799
2012/5/18,76.981888,77.341614,75.542976,75.542976
2012/5/21,77.341614,80.57917,77.341614,79.859711
2012/5/22,81.29863,81.29863,77.701347,79.859711
2012/5/23,78.780525,80.938904,77.701347,78.061073
2012/5/24,79.499985,79.859711,76.981888,76.981888
2012/5/25,77.701347,78.420799,74.463791,74.823517
2012/5/28,75.542976,79.859711,75.183243,79.859711
2012/5/29,81.29863,85.255638,81.29863,84.895912
2012/5/30,84.895912,85.255638,83.097267,83.097267
2012/5/31,81.658356,85.255638,81.29863,84.176453
2012/6/1,82.377815,83.097267,78.420799,78.780525
2012/6/4,75.542976,79.859711,74.104057,79.859711
2012/6/5,83.457001,84.895912,80.57917,81.29863
2012/6/6,82.018082,83.097267,80.219444,81.658356
2012/6/7,83.097267,85.255638,80.938904,80.938904
2012/6/8,80.57917,83.457001,80.57917,81.29863
2012/6/11,83.097267,83.457001,80.938904,82.018082
2012/6/12,81.658356,82.377815,80.938904,81.29863
2012/6/13,81.658356,82.018082,79.140259,79.140259
2012/6/14,79.140259,81.29863,77.701347,80.938904
2012/6/15,81.29863,86.334824,80.219444,86.334824
2012/6/18,88.493195,92.090485,88.493195,90.651566
2012/6/19,91.371025,91.730751,89.932114,91.730751
2012/6/20,93.529396,93.529396,87.773743,87.773743
2012/6/21,87.773743,89.212654,86.694557,88.133469
2012/6/22,86.694557,89.57238,86.694557,89.57238
2012/6/25,88.852928,89.57238,87.414009,87.414009
2012/6/26,88.133469,89.212654,84.536186,85.615372
2012/6/27,84.895912,87.414009,84.895912,85.975098
2012/6/28,86.694557,87.414009,84.895912,85.255638
2012/6/29,85.615372,86.694557,84.895912,86.334824
2012/7/2,87.773743,88.852928,87.054283,87.054283
2012/7/3,88.133469,88.133469,84.176453,85.255638
2012/7/4,85.615372,87.414009,85.255638,86.694557
2012/7/5,86.694557,89.57238,86.334824,87.414009
2012/7/6,88.133469,88.133469,83.816727,84.536186
2012/7/9,83.457001,85.615372,83.457001,84.895912
2012/7/10,85.255638,85.615372,81.29863,82.377815
2012/7/11,82.377815,84.176453,80.57917,84.176453
2012/7/12,84.536186,84.895912,83.457001,83.457001
2012/7/13,83.457001,84.895912,81.658356,84.176453
2012/7/16,84.895912,85.255638,82.377815,83.816727
2012/7/17,84.176453,84.176453,78.061073,78.061073
2012/7/18,76.981888,78.780525,75.542976,78.061073
2012/7/19,79.140259,83.097267,77.341614,81.658356
2012/7/20,82.018082,83.457001,81.658356,83.457001
2012/7/23,82.018082,82.737541,80.219444,81.29863
2012/7/24,80.57917,82.377815,78.061073,79.499985
2012/7/25,77.341614,81.29863,76.981888,79.499985
2012/7/26,80.57917,81.29863,78.780525,80.938904
2012/7/27,82.737541,86.334824,81.29863,86.334824
2012/7/30,87.773743,87.773743,85.615372,85.615372
2012/7/31,87.054283,88.133469,85.615372,87.414009
2012/8/1,87.414009,87.414009,84.176453,86.694557
2012/8/2,86.694557,86.694557,86.694557,86.694557
2012/8/3,85.615372,87.414009,84.895912,85.615372
2012/8/6,87.414009,87.773743,84.895912,85.255638
2012/8/7,85.255638,87.773743,85.255638,87.054283
2012/8/8,87.773743,88.493195,86.334824,86.334824
2012/8/9,87.773743,92.090485,87.773743,92.090485
2012/8/10,94.968307,96.407227,94.608582,95.328033
2012/8/13,95.328033,98.205864,93.889122,95.328033
2012/8/14,95.328033,97.126678,94.968307,96.407227
2012/8/15,97.486404,102.522606,96.047493,98.925323
2012/8/16,99.644775,100.004509,98.205864,100.004509
2012/8/17,100.723961,101.44342,98.205864,99.644775
2012/8/20,100.723961,101.803146,99.285049,100.364235
2012/8/21,101.083694,102.16288,97.126678,97.846138
2012/8/22,97.846138,98.205864,95.328033,95.687767
2012/8/23,95.687767,99.285049,95.687767,98.56559
2012/8/24,97.846138,98.205864,94.968307,96.407227
2012/8/27,99.285049,100.004509,97.126678,97.126678
2012/8/28,97.126678,98.205864,95.328033,96.047493
2012/8/29,96.047493,97.846138,93.529396,97.846138
2012/8/30,98.205864,98.56559,96.766953,97.486404
2012/8/31,96.407227,98.925323,96.407227,97.486404
2012/9/3,97.486404,99.644775,96.766953,98.925323
2012/9/4,98.925323,99.285049,97.486404,98.56559
2012/9/5,98.56559,100.004509,98.205864,100.004509
2012/9/6,98.488754,98.488754,95.09259,95.84729
2012/9/7,97.356697,98.488754,95.09259,95.46994
2012/9/10,95.09259,95.09259,91.319077,92.828476
2012/9/11,93.205833,96.22464,93.205833,93.583183
2012/9/12,94.715233,95.46994,92.828476,94.715233
2012/9/13,95.09259,95.09259,92.828476,92.828476
2012/9/14,94.337883,95.09259,92.073776,92.073776
2012/9/17,92.828476,95.46994,92.451126,93.960533
2012/9/18,93.960533,95.46994,93.205833,94.715233
2012/9/19,95.84729,99.243454,95.84729,96.979347
2012/9/20,97.356697,97.734047,94.337883,95.84729
2012/9/21,96.22464,96.601997,94.715233,95.46994
2012/9/24,95.84729,97.356697,95.46994,95.46994
2012/9/25,95.84729,96.22464,92.451126,92.828476
2012/9/26,92.073776,92.073776,86.413506,86.413506
2012/9/27,86.036148,88.300262,85.658798,87.545555
2012/9/28,88.300262,88.677612,86.790855,88.300262
2012/10/1,88.300262,89.432312,85.658798,86.413506
2012/10/2,86.790855,90.187019,86.413506,89.809669
2012/10/3,89.809669,90.564369,89.054962,90.564369
2012/10/4,90.941719,91.319077,89.432312,89.809669
2012/10/5,90.564369,90.564369,89.432312,89.809669
2012/10/8,89.054962,89.432312,84.904099,85.658798
2012/10/9,87.545555,88.677612,86.790855,86.790855
2012/10/11,86.790855,90.187019,86.413506,89.809669
2012/10/12,90.187019,90.941719,89.432312,90.564369
2012/10/15,90.941719,93.960533,90.941719,92.073776
2012/10/16,93.583183,93.583183,90.941719,91.696426
2012/10/17,92.828476,92.828476,89.809669,90.187019
2012/10/18,90.564369,90.941719,87.545555,87.545555
2012/10/19,86.790855,88.677612,86.790855,88.300262
2012/10/22,86.790855,89.054962,86.036148,89.054962
2012/10/23,89.432312,89.432312,87.922913,87.922913
2012/10/24,87.545555,89.054962,87.545555,89.054962
2012/10/25,89.054962,91.319077,88.677612,88.677612
2012/10/26,89.809669,89.809669,87.545555,87.922913
2012/10/29,89.054962,89.432312,82.262634,83.772041
2012/10/30,86.036148,89.432312,85.281448,89.432312
2012/10/31,89.809669,91.319077,88.677612,89.809669
2012/11/1,90.187019,95.09259,88.677612,94.715233
2012/11/2,95.09259,95.84729,92.451126,92.828476
2012/11/5,92.828476,95.46994,92.828476,93.960533
2012/11/6,93.583183,95.09259,92.828476,95.09259
2012/11/7,95.46994,96.22464,93.960533,95.46994
2012/11/8,93.960533,94.337883,92.073776,92.073776
2012/11/9,89.809669,91.696426,88.300262,90.564369
2012/11/12,91.319077,91.696426,89.432312,89.809669
2012/11/13,89.809669,90.187019,87.545555,88.677612
2012/11/14,88.300262,89.809669,87.922913,89.054962
2012/11/15,88.300262,89.809669,87.922913,89.054962
2012/11/16,88.677612,89.809669,87.168205,87.545555
2012/11/19,87.922913,88.300262,86.790855,86.790855
2012/11/20,88.300262,89.432312,87.545555,89.054962
2012/11/21,89.432312,89.809669,87.545555,88.300262
2012/11/22,89.054962,89.054962,86.036148,86.413506
2012/11/23,87.545555,89.054962,86.790855,88.677612
2012/11/26,89.809669,90.564369,88.300262,88.677612
2012/11/27,89.054962,92.073776,88.677612,89.809669
2012/11/28,89.809669,90.564369,89.432312,89.809669
2012/11/29,90.564369,91.696426,89.809669,89.809669
2012/11/30,90.187019,90.187019,88.677612,89.432312
2012/12/3,89.809669,90.941719,89.432312,89.432312
2012/12/4,89.432312,95.09259,89.432312,95.09259
2012/12/5,95.09259,95.09259,92.828476,93.205833
2012/12/6,94.337883,95.46994,91.319077,91.319077
2012/12/7,92.073776,93.205833,91.696426,91.696426
2012/12/10,92.451126,92.828476,87.545555,87.922913
2012/12/11,87.922913,87.922913,83.772041,86.036148
2012/12/12,87.545555,87.545555,85.281448,85.658798
2012/12/13,86.790855,87.545555,85.281448,86.790855
2012/12/14,86.036148,86.036148,83.017342,83.394691
2012/12/17,81.885284,81.885284,77.734421,78.111771
2012/12/18,78.111771,78.86647,75.092957,75.168427
2012/12/19,76.225014,77.357063,74.715607,75.092957
2012/12/20,75.470306,76.602364,72.451492,74.791077
2012/12/21,75.470306,75.847656,74.338249,74.715607
2012/12/24,75.847656,76.979713,75.243896,76.225014
2012/12/25,77.357063,79.998528,76.979713,79.24382
2012/12/26,79.621178,79.621178,77.734421,78.48912
2012/12/27,78.48912,79.24382,76.979713,77.357063
2012/12/28,78.48912,78.86647,76.979713,76.979713
2013/1/2,78.48912,78.86647,77.734421,78.48912
2013/1/3,79.621178,79.621178,77.357063,77.357063
2013/1/4,77.357063,78.48912,76.979713,76.979713
2013/1/7,76.979713,76.979713,73.43261,73.43261
2013/1/8,73.2062,74.413727,71.696793,74.413727
2013/1/9,74.413727,74.942017,73.43261,73.43261
2013/1/10,73.960899,74.640137,72.82885,72.90432
2013/1/11,72.90432,73.734489,72.451492,73.583549
2013/1/14,73.28167,74.262779,73.28167,73.35714
2013/1/15,72.451492,72.82885,69.583626,69.810036
2013/1/16,69.432686,70.564735,69.432686,69.583626
2013/1/17,70.715675,71.998672,69.810036,70.036446
2013/1/18,72.300552,73.659019,71.319443,73.2062
2013/1/21,72.82885,72.82885,71.923203,71.998672
2013/1/22,72.225082,74.640137,72.225082,73.2062
2013/1/23,73.885429,73.960899,73.2062,73.659019
2013/1/24,72.149612,73.583549,71.319443,73.35714
2013/1/25,72.225082,73.28167,71.923203,72.526962
2013/1/28,72.526962,72.677902,70.640205,70.866615
2013/1/29,71.168503,73.960899,71.168503,73.809959
2013/1/30,74.262779,74.866547,73.50808,73.885429
2013/1/31,73.960899,76.602364,73.960899,75.470306
2013/2/1,75.847656,76.225014,74.791077,74.791077
2013/2/4,75.470306,75.847656,74.413727,74.715607
2013/2/5,74.564667,75.847656,74.338249,74.942017
2013/2/6,76.602364,76.602364,74.791077,74.791077
2013/2/18,75.319366,75.319366,71.319443,71.319443
2013/2/19,71.394913,72.300552,71.319443,71.923203
2013/2/20,72.451492,73.28167,71.545853,73.05526
2013/2/21,72.602432,72.602432,71.772263,71.847733
2013/2/22,71.847733,72.300552,71.093033,71.168503
2013/2/25,71.470383,72.677902,71.243973,71.545853
2013/2/26,71.168503,71.470383,70.564735,70.640205
2013/2/27,70.866615,71.319443,69.432686,70.338326
2013/3/1,69.432686,70.866615,69.432686,69.810036
2013/3/4,69.432686,69.432686,65.130875,65.508224
2013/3/5,65.508224,66.866692,65.055405,66.866692
2013/3/6,67.772339,68.149689,66.791222,66.942162
2013/3/7,62.338474,66.413872,62.263004,66.413872
2013/3/8,66.413872,67.470451,65.508224,66.640282
2013/3/11,66.640282,66.640282,65.659164,65.659164
2013/3/12,66.338402,67.772339,66.036522,66.942162
2013/3/13,67.545921,68.828918,67.319511,67.545921
2013/3/14,67.772339,68.074219,66.187462,66.791222
2013/3/15,67.168571,67.545921,66.187462,66.262932
2013/3/18,66.413872,67.319511,66.262932,66.413872
2013/3/19,67.319511,69.130798,66.942162,68.677979
2013/3/20,68.677979,70.564735,68.300629,68.677979
2013/3/21,69.130798,69.810036,68.677979,69.206268
2013/3/22,69.508156,70.942085,69.508156,70.489265
2013/3/25,71.696793,72.300552,70.640205,72.149612
2013/3/26,72.451492,76.225014,72.451492,75.394836
2013/3/27,75.847656,76.225014,74.489197,75.394836
2013/3/28,75.470306,75.847656,74.715607,74.715607
2013/3/29,75.394836,75.847656,74.942017,75.092957
2013/4/1,75.243896,76.979713,75.168427,76.225014
2013/4/2,76.602364,76.602364,74.413727,75.319366
2013/4/3,75.394836,75.470306,73.05526,74.111839
2013/4/8,71.696793,73.35714,71.696793,72.602432
2013/4/9,72.451492,74.111839,72.451492,73.809959
2013/4/10,74.262779,75.168427,73.35714,74.715607
2013/4/11,75.470306,75.847656,74.262779,75.243896
2013/4/12,75.092957,75.168427,70.187386,70.791145
2013/4/15,70.338326,70.338326,66.942162,67.772339
2013/4/16,66.640282,69.130798,66.413872,69.130798
2013/4/17,68.979858,69.130798,67.847809,67.998749
2013/4/18,66.413872,67.545921,65.734634,67.093102
2013/4/19,67.017632,68.149689,66.791222,67.244041
2013/4/22,67.621399,68.677979,67.017632,67.772339
2013/4/23,68.074219,69.055328,67.923279,68.149689
2013/4/24,69.432686,70.715675,69.206268,70.036446
2013/4/25,69.810036,69.810036,68.602509,68.602509
2013/4/26,69.659096,70.338326,69.130798,69.508156
2013/4/29,70.262856,74.187309,70.111916,73.734489
2013/4/30,75.092957,75.470306,73.659019,73.659019
2013/5/2,73.960899,74.489197,72.90432,73.13073
2013/5/3,73.960899,75.394836,73.809959,74.564667
2013/5/6,76.225014,79.621178,75.394836,78.86647
2013/5/7,78.86647,79.24382,77.357063,78.86647
2013/5/8,78.86647,81.130585,78.48912,79.998528
2013/5/9,81.130585,81.507935,79.24382,79.24382
2013/5/10,79.998528,79.998528,79.24382,79.998528
2013/5/13,79.998528,80.753227,78.48912,79.998528
2013/5/14,80.753227,80.753227,77.734421,78.86647
2013/5/15,79.24382,81.130585,78.111771,81.130585
2013/5/16,81.130585,81.507935,79.24382,79.621178
2013/5/17,80.375877,81.885284,79.998528,81.507935
2013/5/20,81.507935,81.507935,80.375877,81.130585
2013/5/21,81.507935,83.772041,80.753227,83.017342
2013/5/22,83.772041,86.790855,83.394691,85.281448
2013/5/23,85.281448,86.036148,83.394691,83.394691
2013/5/24,83.772041,84.904099,81.885284,83.017342
2013/5/27,83.017342,85.281448,83.017342,85.281448
2013/5/28,85.281448,85.281448,83.394691,85.281448
2013/5/29,86.036148,86.413506,83.394691,84.904099
2013/5/30,84.149391,85.281448,83.394691,83.772041
2013/5/31,85.281448,86.036148,83.772041,83.772041
2013/6/3,82.639984,84.526749,82.639984,84.526749
2013/6/4,84.526749,84.904099,83.017342,83.017342
2013/6/5,83.017342,84.904099,82.639984,83.394691
2013/6/6,83.394691,83.394691,77.734421,78.111771
2013/6/7,78.111771,80.753227,77.734421,80.753227
2013/6/10,83.017342,86.036148,83.017342,86.036148
2013/6/11,85.281448,86.413506,84.904099,85.281448
2013/6/13,84.904099,87.922913,84.526749,86.413506
2013/6/14,87.168205,87.168205,85.281448,86.790855
2013/6/17,87.545555,87.922913,85.658798,87.545555
2013/6/18,87.922913,89.054962,86.790855,89.054962
2013/6/19,89.054962,90.564369,89.054962,89.054962
2013/6/20,88.300262,88.300262,83.772041,84.149391
2013/6/21,81.507935,86.036148,81.130585,84.526749
2013/6/24,85.658798,86.036148,84.526749,85.281448
2013/6/25,86.036148,86.036148,79.621178,81.130585
2013/6/26,83.017342,83.772041,82.262634,82.262634
2013/6/27,83.017342,83.017342,78.111771,79.24382
2013/6/28,79.24382,79.24382,75.847656,77.734421
2013/7/1,76.979713,79.998528,76.602364,78.86647
2013/7/2,79.24382,81.130585,79.24382,79.24382
2013/7/3,78.86647,79.621178,76.225014,76.602364
2013/7/4,76.979713,77.734421,73.960899,75.470306
2013/7/5,76.602364,77.357063,75.847656,76.979713
2013/7/8,75.847656,82.262634,75.847656,80.375877
2013/7/9,80.753227,81.507935,79.998528,81.507935
2013/7/10,81.507935,81.885284,79.998528,80.375877
2013/7/11,82.262634,85.658798,81.507935,84.526749
2013/7/12,84.526749,85.658798,83.017342,83.017342
2013/7/15,82.262634,83.394691,81.507935,82.262634
2013/7/16,82.262634,84.526749,81.130585,81.507935
2013/7/17,81.507935,83.394691,78.48912,79.998528
2013/7/18,79.24382,79.24382,76.979713,78.86647
2013/7/19,78.86647,80.375877,77.357063,78.48912
2013/7/22,78.48912,79.24382,77.357063,77.734421
2013/7/23,77.357063,81.130585,77.357063,80.375877
2013/7/24,82.262634,83.017342,79.24382,79.998528
2013/7/25,80.375877,81.885284,79.621178,79.998528
2013/7/26,80.753227,82.262634,79.998528,81.885284
2013/7/29,82.262634,84.526749,82.262634,83.017342
2013/7/30,83.394691,83.772041,81.130585,82.639984
2013/7/31,83.772041,83.772041,81.885284,83.017342
2013/8/1,84.149391,84.149391,80.375877,80.753227
2013/8/2,80.753227,81.507935,77.734421,78.111771
2013/8/5,79.24382,80.753227,78.48912,79.998528
2013/8/6,79.998528,81.507935,79.621178,80.375877
2013/8/7,79.998528,79.998528,77.734421,78.48912
2013/8/8,79.24382,81.130585,78.86647,81.130585
2013/8/9,81.507935,81.507935,78.48912,79.24382
2013/8/12,81.130585,83.017342,79.998528,82.639984
2013/8/13,84.526749,88.300262,83.772041,87.922913
2013/8/14,89.519081,92.291801,88.726875,90.311287
2013/8/15,91.103493,91.895699,89.519081,91.103493
2013/8/16,91.103493,94.272308,89.915184,93.084
2013/8/19,93.876205,93.876205,91.499596,93.084
2013/8/20,92.291801,93.876205,89.122978,89.122978
2013/8/22,89.122978,94.272308,88.726875,94.272308
2013/8/23,95.85672,95.85672,92.687897,93.084
2013/8/26,93.480103,94.272308,91.499596,91.895699
2013/8/27,92.291801,93.876205,90.311287,90.311287
2013/8/28,89.122978,91.103493,89.122978,90.311287
2013/8/29,91.103493,91.895699,90.311287,91.103493
2013/8/30,91.499596,93.876205,90.70739,93.480103
2013/9/2,94.272308,94.668411,91.895699,91.895699
2013/9/3,91.103493,93.084,91.103493,92.687897
2013/9/4,92.291801,92.291801,88.726875,89.915184
2013/9/5,90.311287,90.70739,88.726875,90.70739
2013/9/6,90.70739,90.70739,88.726875,89.915184
2013/9/9,90.70739,91.103493,87.934677,87.934677
2013/9/10,89.122978,89.915184,86.350266,86.746368
2013/9/11,85.161957,85.161957,80.804832,81.597038
2013/9/12,79.616531,80.012634,77.952904,79.616531
2013/9/13,80.012634,80.408737,78.982765,80.012634
2013/9/16,81.597038,83.973656,81.200935,83.577553
2013/9/17,81.993141,81.993141,80.804832,80.804832
2013/9/18,81.597038,82.389244,81.200935,82.389244
2013/9/23,83.18145,83.18145,81.993141,82.389244
2013/9/24,83.973656,85.161957,83.18145,83.18145
2013/9/25,83.18145,83.973656,81.597038,81.993141
2013/9/26,81.597038,82.389244,80.408737,81.200935
2013/9/27,80.804832,81.200935,78.586662,80.012634
2013/9/30,78.824326,80.804832,78.586662,80.804832
2013/10/1,80.408737,80.408737,79.220428,80.408737
2013/10/2,81.993141,82.389244,79.616531,80.012634
2013/10/3,80.408737,81.597038,80.012634,81.200935
2013/10/4,81.200935,81.993141,80.408737,80.804832
2013/10/7,80.408737,81.200935,76.764595,77.636017
2013/10/8,77.636017,79.220428,77.398361,77.398361
2013/10/9,76.843819,78.665886,76.843819,77.239914
2013/10/11,78.824326,78.824326,75.65551,76.130829
2013/10/14,75.259407,75.259407,70.823059,71.139946
2013/10/15,71.298386,71.852928,67.733467,70.426964
2013/10/16,69.713974,72.090591,69.713974,70.110077
2013/10/17,70.981506,71.298386,70.34774,71.298386
2013/10/18,71.694489,71.932152,70.34774,71.456825
2013/10/21,72.249031,74.784081,71.852928,73.754219
2013/10/22,73.754219,74.863304,73.754219,74.150322
2013/10/23,74.625641,74.863304,71.932152,72.486694
2013/10/24,72.72435,73.199677,71.456825,72.090591
2013/10/25,72.169807,73.120453,72.090591,72.090591
2013/10/28,72.88279,73.991882,72.486694,73.278893
2013/10/29,73.278893,73.516556,72.56591,72.88279
2013/10/30,74.467201,74.704865,73.754219,73.754219
2013/10/31,73.754219,73.754219,72.56591,72.56591
2013/11/1,72.56591,73.120453,70.664619,71.298386
2013/11/4,70.50618,71.298386,70.189301,71.060722
2013/11/5,70.981506,72.249031,70.981506,71.615265
2013/11/6,72.249031,72.249031,70.743843,71.932152
2013/11/7,72.090591,73.674995,71.932152,73.041237
2013/11/8,74.150322,75.65551,73.358116,73.912659
2013/11/11,75.180183,75.180183,73.199677,73.199677
2013/11/12,73.516556,74.863304,72.56591,74.467201
2013/11/13,74.467201,74.467201,73.041237,73.041237
2013/11/14,73.278893,73.912659,72.72435,72.88279
2013/11/15,73.278893,73.754219,72.88279,72.88279
2013/11/18,73.278893,73.43734,69.713974,69.951637
2013/11/19,69.793198,71.456825,69.713974,71.456825
2013/11/20,71.456825,71.456825,69.951637,69.951637
2013/11/21,69.713974,69.713974,68.604889,69.159431
2013/11/22,70.50618,71.932152,70.268517,70.664619
2013/11/25,71.615265,72.169807,70.902283,71.060722
2013/11/26,71.060722,71.694489,70.50618,71.139946
2013/11/27,71.773705,73.278893,71.536049,72.090591
2013/11/28,73.278893,74.784081,72.486694,74.071098
2013/11/29,74.863304,76.526932,74.704865,75.734726
2013/12/2,76.289268,76.368492,74.546425,74.625641
2013/12/3,74.625641,74.942528,73.912659,74.467201
2013/12/4,74.467201,75.576286,73.991882,75.100967
2013/12/5,75.100967,75.180183,73.754219,73.833435
2013/12/6,74.704865,75.49707,74.467201,74.625641
2013/12/9,75.259407,75.417847,72.645134,72.72435
2013/12/10,72.72435,73.358116,70.664619,71.852928
2013/12/11,72.249031,72.486694,70.902283,70.902283
2013/12/12,70.50618,72.090591,69.872414,72.090591
2013/12/13,72.090591,72.88279,71.694489,71.773705
2013/12/16,72.090591,72.169807,70.981506,71.139946
2013/12/17,72.011368,72.72435,71.615265,72.090591
2013/12/18,72.486694,75.65551,72.486694,74.625641
2013/12/19,75.259407,76.051613,74.229538,75.180183
2013/12/20,75.180183,75.259407,73.991882,74.071098
2013/12/23,74.387978,74.784081,73.43734,74.071098
2013/12/24,74.863304,75.81395,74.308762,74.308762
2013/12/25,74.625641,75.65551,74.387978,74.387978
2013/12/26,74.546425,76.447716,74.546425,75.49707
2013/12/27,76.051613,77.002258,75.65551,76.051613
2013/12/30,76.368492,76.368492,75.576286,76.051613
2013/12/31,76.210052,77.239914,76.051613,76.051613
2014/1/2,76.130829,79.141205,75.81395,78.665886
2014/1/3,78.665886,78.665886,77.556801,77.794456
2014/1/6,77.794456,79.061989,77.556801,79.061989
2014/1/7,80.012634,82.389244,79.616531,79.616531
2014/1/8,80.408737,81.597038,79.616531,80.012634
2014/1/9,79.616531,79.616531,76.130829,76.210052
2014/1/10,75.734726,76.764595,74.625641,76.210052
2014/1/13,75.972389,76.210052,74.942528,74.942528
2014/1/14,74.863304,76.289268,74.704865,75.893166
2014/1/15,76.685371,77.160698,75.734726,76.289268
2014/1/16,76.685371,76.764595,74.863304,74.942528
2014/1/17,74.942528,75.972389,74.704865,75.49707
2014/1/20,75.259407,75.893166,74.704865,74.704865
2014/1/21,75.180183,76.289268,74.784081,75.021744
2014/1/22,75.65551,75.65551,75.021744,75.021744
2014/1/23,75.576286,75.576286,73.041237,73.833435
2014/1/24,73.595779,74.387978,72.962013,72.962013
2014/1/27,72.169807,72.962013,71.773705,72.169807
2014/2/5,71.219162,71.932152,71.139946,71.932152
2014/2/6,72.88279,73.278893,71.694489,72.011368
2014/2/7,69.713974,71.298386,69.713974,70.664619
2014/2/10,70.823059,71.377602,70.34774,70.34774
2014/2/11,70.50618,71.773705,70.50618,71.298386
2014/2/12,71.536049,72.407471,70.34774,71.694489
2014/2/13,72.090591,72.249031,70.664619,70.664619
2014/2/14,70.902283,71.298386,70.585403,70.585403
2014/2/17,70.743843,70.981506,70.110077,70.189301
2014/2/18,70.664619,70.664619,70.030861,70.268517
2014/2/19,70.50618,71.219162,70.426964,70.585403
2014/2/20,70.902283,70.902283,70.189301,70.50618
2014/2/21,70.902283,71.060722,70.50618,70.50618
2014/2/24,70.50618,71.932152,69.951637,70.902283
2014/2/25,71.536049,71.536049,70.981506,70.981506
2014/2/26,70.981506,73.278893,70.981506,72.645134
2014/2/27,72.72435,73.358116,72.249031,72.249031
2014/3/3,72.090591,72.486694,71.298386,72.328247
2014/3/4,72.328247,72.328247,70.902283,71.060722
2014/3/5,71.298386,71.694489,70.981506,70.981506
2014/3/6,70.981506,71.219162,70.030861,70.268517
2014/3/7,70.34774,71.932152,70.34774,70.50618
2014/3/10,70.110077,70.50618,69.951637,70.189301
2014/3/11,70.34774,70.585403,69.872414,70.030861
2014/3/12,70.34774,70.823059,69.793198,69.793198
2014/3/13,69.713974,69.713974,68.367226,69.238655
2014/3/14,68.604889,69.080215,68.525673,68.604889
2014/3/17,69.080215,70.189301,68.763329,69.793198
2014/3/18,70.50618,70.743843,69.713974,69.713974
2014/3/19,69.951637,70.50618,69.634758,70.426964
2014/3/20,70.426964,70.426964,69.713974,69.713974
2014/3/21,70.34774,70.34774,69.397095,69.713974
2014/3/24,69.397095,69.634758,68.12957,69.159431
2014/3/25,69.634758,70.110077,69.317871,69.951637
2014/3/26,71.060722,72.486694,70.34774,72.328247
2014/3/27,72.328247,73.674995,72.011368,72.962013
2014/3/28,73.120453,73.912659,71.456825,71.694489
2014/3/31,71.852928,72.486694,70.981506,71.773705
2014/4/1,71.773705,72.407471,71.219162,72.090591
2014/4/2,73.120453,73.912659,72.328247,73.674995
2014/4/3,73.674995,73.674995,72.486694,72.72435
2014/4/7,72.72435,73.516556,72.486694,73.120453
2014/4/8,73.199677,75.259407,72.803574,74.071098
2014/4/9,75.180183,75.259407,74.071098,74.229538
2014/4/10,74.625641,74.784081,73.041237,73.358116
2014/4/11,73.041237,73.278893,71.773705,72.88279
2014/4/14,73.278893,73.358116,72.090591,72.56591
2014/4/15,72.72435,75.021744,72.56591,73.833435
2014/4/16,74.467201,75.259407,73.516556,74.704865
2014/4/17,75.259407,76.685371,74.942528,74.942528
2014/4/18,75.259407,75.417847,73.833435,74.387978
2014/4/21,74.387978,75.65551,73.358116,73.358116
2014/4/22,73.358116,73.833435,72.407471,72.56591
2014/4/23,72.56591,73.120453,70.823059,70.981506
2014/4/24,71.377602,71.456825,70.268517,71.377602
2014/4/25,71.456825,72.486694,69.793198,70.902283
2014/4/28,70.110077,71.456825,69.000992,70.981506
2014/4/29,68.12957,69.317871,66.703598,67.891907
2014/4/30,67.812683,67.812683,63.851665,64.960747
2014/5/2,64.643867,65.436073,64.168549,64.168549
2014/5/5,64.168549,65.594513,64.010101,64.881531
2014/5/6,65.119194,66.386719,64.406204,66.228279
2014/5/7,65.990616,66.069839,65.436073,65.436073
2014/5/8,65.436073,65.752953,63.930885,64.485428
2014/5/9,64.168549,64.643867,64.010101,64.010101
2014/5/12,63.376343,63.930885,60.286743,60.603626
2014/5/13,60.603626,62.029594,60.365967,61.078949
2014/5/14,60.207523,60.999729,59.494541,59.811424
2014/5/15,59.415321,60.920509,59.415321,60.920509
2014/5/16,60.84129,62.742577,60.76207,62.346478
2014/5/19,62.584137,62.8218,61.950375,62.425697
2014/5/20,62.742577,62.742577,61.633492,61.712711
2014/5/21,61.950375,62.188034,61.633492,61.791931
2014/5/22,62.267258,62.584137,61.871155,62.029594
2014/5/23,62.267258,62.98024,62.267258,62.267258
2014/5/26,62.584137,63.376343,62.425697,62.663357
2014/5/27,62.8218,62.8218,61.316612,61.316612
2014/5/28,61.316612,62.108814,61.237389,61.237389
2014/5/29,61.237389,62.663357,61.237389,62.108814
2014/5/30,62.8218,63.13868,62.425697,62.8218
2014/6/3,63.376343,63.376343,62.425697,62.584137
2014/6/4,62.98024,63.05946,62.425697,62.425697
2014/6/5,63.217899,65.832176,62.90102,65.119194
2014/6/6,66.069839,66.069839,64.485428,64.564651
2014/6/9,64.960747,66.782822,64.960747,66.307495
2014/6/10,66.941261,67.575027,66.149055,66.149055
2014/6/11,66.386719,66.862038,65.673737,65.990616
2014/6/12,65.990616,66.386719,65.35685,65.752953
2014/6/13,65.436073,65.990616,65.35685,65.35685
2014/6/16,65.436073,65.911392,65.03997,65.03997
2014/6/17,65.673737,65.673737,64.326988,64.406204
2014/6/18,64.643867,64.723091,62.90102,63.693226
2014/6/19,63.772446,64.485428,63.297119,64.010101
2014/6/20,64.089325,64.406204,63.930885,63.930885
2014/6/23,63.930885,64.168549,61.554272,61.712711
2014/6/24,61.712711,62.504917,61.237389,61.475052
2014/6/25,61.475052,62.267258,61.475052,62.108814
2014/6/26,62.504917,62.98024,62.267258,62.425697
2014/6/27,62.584137,62.8218,62.346478,62.584137
2014/6/30,62.584137,63.534782,61.633492,62.98024
2014/7/1,63.693226,63.930885,63.217899,63.614002
2014/7/2,63.930885,65.119194,63.13868,63.217899
2014/7/3,63.376343,64.802307,63.217899,64.723091
2014/7/4,65.911392,66.703598,65.515289,65.673737
2014/7/7,65.673737,65.673737,64.168549,64.168549
2014/7/8,64.168549,64.406204,63.772446,63.930885
2014/7/9,64.168549,65.990616,64.168549,65.594513
2014/7/10,66.149055,66.228279,65.752953,65.911392
2014/7/11,65.911392,65.911392,64.881531,65.03997
2014/7/14,65.19841,65.911392,65.119194,65.436073
2014/7/15,65.594513,65.832176,64.564651,64.564651
2014/7/16,64.643867,64.802307,63.376343,63.772446
2014/7/17,64.168549,64.247765,63.376343,63.534782
2014/7/18,63.297119,64.406204,62.584137,64.406204
2014/7/21,64.802307,65.35685,64.406204,64.802307
2014/7/22,65.19841,66.465942,64.960747,66.307495
2014/7/23,66.307495,66.307495,66.307495,66.307495
2014/7/24,67.337364,67.337364,66.386719,67.020485
2014/7/25,67.099701,67.099701,65.990616,66.228279
2014/7/28,66.228279,66.386719,65.35685,65.436073
2014/7/29,65.990616,66.069839,64.406204,64.802307
2014/7/30,64.802307,65.19841,64.485428,64.802307
2014/7/31,64.802307,64.802307,64.010101,64.564651
2014/8/1,63.772446,65.594513,63.772446,65.594513
2014/8/4,65.35685,65.594513,64.960747,65.35685
2014/8/5,65.594513,65.594513,65.03997,65.19841
2014/8/6,65.911392,66.386719,64.089325,66.149055
2014/8/7,66.941261,66.941261,64.802307,64.960747
2014/8/8,64.168549,64.643867,62.346478,63.851665
2014/8/11,64.168549,64.168549,63.217899,63.772446
2014/8/12,63.772446,64.168549,63.05946,63.05946
2014/8/13,63.05946,63.376343,62.267258,62.425697
2014/8/14,60.474457,64.657127,60.474457,63.698597
2014/8/15,63.785736,64.918541,63.35004,64.831406
2014/8/18,65.877075,65.877075,63.872875,65.092819
2014/8/19,65.877075,69.624046,65.877075,68.839798
2014/8/20,69.27549,69.798325,68.404106,68.839798
2014/8/21,69.101212,69.362633,67.271294,69.362633
2014/8/22,69.711189,70.234024,68.491241,69.27549
2014/8/25,69.27549,69.711189,68.839798,69.014076
2014/8/26,69.27549,71.715385,69.27549,71.192551
2014/8/27,71.366829,71.453964,70.582581,70.756851
2014/8/28,71.105408,72.499634,71.105408,72.325356
2014/8/29,72.499634,75.375221,71.976799,73.806717
2014/9/1,74.939529,75.026665,73.632439,74.155273
2014/9/2,73.980995,73.980995,71.715385,71.976799
2014/9/3,72.673912,73.022469,71.105408,72.151077
2014/9/4,71.366829,72.761055,71.279686,71.889664
2014/9/5,71.889664,71.889664,71.018272,71.889664
2014/9/9,72.325356,72.761055,72.063942,72.761055
2014/9/10,71.976799,72.412498,70.582581,72.23822
2014/9/11,72.761055,72.761055,70.931129,70.931129
2014/9/12,71.018272,71.366829,70.234024,70.843994
2014/9/15,70.146881,70.669716,68.404106,68.839798
2014/9/16,68.839798,69.449768,68.316963,68.491241
2014/9/17,69.101212,70.495438,68.839798,69.449768
2014/9/18,69.711189,71.279686,69.536911,71.192551
2014/9/19,71.889664,72.499634,71.628242,71.976799
2014/9/22,71.541107,71.976799,70.756851,71.279686
2014/9/23,71.018272,71.802521,70.582581,70.582581
2014/9/24,71.279686,71.279686,69.972603,70.756851
2014/9/25,71.192551,71.192551,68.491241,69.27549
2014/9/26,68.491241,68.578384,67.358437,67.881271
2014/9/29,68.491241,68.491241,66.661324,67.097015
2014/9/30,67.097015,67.706993,64.657127,66.922737
2014/10/1,66.225632,68.05555,66.225632,68.05555
2014/10/2,67.532715,69.711189,67.358437,69.624046
2014/10/3,69.711189,70.843994,69.711189,70.146881
2014/10/6,70.495438,70.931129,69.885468,70.321159
2014/10/7,70.321159,70.321159,68.926933,68.926933
2014/10/8,68.839798,69.972603,68.404106,69.101212
2014/10/9,69.014076,69.101212,64.308571,64.308571
2014/10/13,61.432983,61.868679,59.864483,59.864483
2014/10/14,59.254509,60.213039,56.204643,57.773148
2014/10/15,57.773148,57.860287,53.851891,54.113308
2014/10/16,52.806225,54.374725,51.324863,54.026169
2014/10/17,54.200447,54.810421,51.586281,52.021973
2014/10/20,54.287586,55.594673,53.677612,55.594673
2014/10/21,55.594673,56.5532,54.723282,56.204643
2014/10/22,57.51173,57.51173,54.636143,54.89756
2014/10/23,55.158978,56.901756,54.984699,55.246117
2014/10/24,55.856091,55.94323,53.93903,54.287586
2014/10/27,54.287586,54.810421,51.499142,51.934834
2014/10/28,52.457668,54.89756,52.457668,54.89756
2014/10/29,55.768951,58.731674,55.594673,57.947426
2014/10/30,57.947426,58.121704,55.594673,56.204643
2014/10/31,56.030369,56.727478,55.158978,55.94323
2014/11/3,55.94323,56.901756,55.768951,56.117504
2014/11/4,56.291782,56.466061,54.89756,55.420395
2014/11/5,55.507534,55.507534,53.677612,53.93903
2014/11/6,54.200447,54.723282,53.764751,54.113308
2014/11/7,54.113308,55.333256,54.026169,55.246117
2014/11/10,55.246117,55.681812,54.549004,54.810421
2014/11/11,55.071838,55.94323,54.810421,55.507534
2014/11/12,54.89756,55.420395,53.851891,54.026169
2014/11/13,54.113308,54.549004,52.806225,53.503338
2014/11/14,53.677612,54.287586,53.503338,53.93903
2014/11/17,54.374725,54.723282,53.154781,53.24192
2014/11/18,53.590473,53.851891,51.499142,52.109112
2014/11/19,52.457668,53.067642,52.021973,52.719086
2014/11/20,52.893364,53.93903,52.544807,53.677612
2014/11/21,53.677612,53.93903,53.24192,53.24192
2014/11/24,54.026169,54.549004,53.590473,53.590473
2014/11/25,53.677612,54.374725,53.677612,53.677612
2014/11/26,54.287586,54.549004,53.590473,54.113308
2014/11/27,56.988895,57.337452,55.94323,56.030369
2014/11/28,56.291782,56.466061,55.420395,56.030369
2014/12/1,54.549004,55.94323,54.549004,55.246117
2014/12/2,55.246117,55.94323,55.071838,55.681812
2014/12/3,55.856091,57.337452,55.507534,57.076035
2014/12/4,57.51173,58.383118,57.163174,57.250313
2014/12/5,57.250313,59.254509,57.163174,58.905952
2014/12/8,59.341648,60.1259,58.383118,59.254509
2014/12/9,60.1259,60.213039,58.557396,59.254509
2014/12/10,59.254509,60.038761,57.773148,59.16737
2014/12/11,58.383118,61.432983,58.383118,60.823009
2014/12/12,61.868679,64.482849,61.78154,64.04715
2014/12/15,64.04715,64.482849,62.74007,64.04715
2014/12/16,64.04715,64.744263,63.088627,63.262901
2014/12/17,63.262901,63.785736,61.868679,61.868679
2014/12/18,62.478653,63.088627,61.694401,62.217236
2014/12/19,63.175762,63.698597,59.951622,61.171566
2014/12/22,62.042957,63.001488,61.520123,62.478653
2014/12/23,63.001488,63.872875,62.478653,63.175762
2014/12/24,63.175762,63.175762,62.565792,62.652931
2014/12/25,62.304375,62.74007,61.955818,62.130096
2014/12/26,61.868679,62.478653,61.78154,62.042957
2014/12/29,61.868679,62.130096,61.258705,61.432983
2014/12/30,62.74007,62.914349,61.171566,61.955818
2014/12/31,61.955818,62.217236,61.607262,61.78154
2015/1/5,61.78154,62.478653,61.607262,62.391514
2015/1/6,60.038761,61.78154,59.951622,60.997288
2015/1/7,60.997288,62.565792,60.997288,62.217236
2015/1/8,64.04715,64.569984,63.175762,63.262901
2015/1/9,63.611458,63.872875,62.565792,62.827209
2015/1/12,62.74007,63.43718,62.565792,62.74007
2015/1/13,62.565792,63.088627,62.565792,62.827209
2015/1/14,62.914349,63.175762,62.304375,62.304375
2015/1/15,62.304375,62.914349,61.955818,62.565792
2015/1/16,62.74007,62.914349,61.868679,61.868679
2015/1/19,62.304375,62.565792,61.084427,61.171566
2015/1/20,60.997288,62.130096,60.997288,62.130096
2015/1/21,62.74007,63.175762,62.478653,62.478653
2015/1/22,63.088627,64.221428,62.74007,63.524319
2015/1/23,64.134293,64.918541,64.04715,64.482849
2015/1/26,64.04715,66.399902,64.04715,66.051353
2015/1/27,67.00988,67.097015,65.702797,66.051353
2015/1/28,65.789932,66.399902,65.267097,66.138489
2015/1/29,66.312767,66.312767,65.528519,65.702797
2015/1/30,66.051353,66.225632,65.528519,65.702797
2015/2/2,65.35424,65.964211,65.005684,65.179962
2015/2/3,65.441376,65.877075,65.441376,65.789932
2015/2/4,66.922737,67.881271,65.789932,65.789932
2015/2/5,67.968407,68.142685,66.399902,67.358437
2015/2/6,67.358437,67.532715,66.661324,66.748459
2015/2/9,67.097015,67.271294,66.574181,67.00988
2015/2/10,67.00988,67.00988,65.528519,65.877075
2015/2/11,66.312767,66.661324,65.702797,66.138489
2015/2/12,66.399902,66.835602,66.138489,66.487045
2015/2/13,66.748459,67.706993,66.748459,67.184158
2015/2/24,67.881271,68.404106,67.706993,68.316963
2015/2/25,68.404106,69.101212,67.881271,67.881271
2015/2/26,67.532715,68.491241,67.532715,68.142685
2015/3/2,68.752663,69.972603,68.578384,69.536911
2015/3/3,69.972603,70.146881,68.404106,68.926933
2015/3/4,68.839798,69.624046,68.752663,69.449768
2015/3/5,69.711189,70.321159,69.449768,69.624046
2015/3/6,69.624046,69.972603,69.188354,69.972603
2015/3/9,69.624046,69.798325,68.839798,69.624046
2015/3/10,69.27549,70.321159,68.926933,69.972603
2015/3/11,69.27549,72.063942,69.27549,71.018272
2015/3/12,71.366829,73.022469,71.366829,72.935333
2015/3/13,73.196747,73.89386,72.761055,72.84819
2015/3/16,72.935333,73.545303,72.935333,73.196747
2015/3/17,73.980995,75.026665,73.196747,74.852386
2015/3/18,75.113808,78.773643,74.590973,75.898056
2015/3/19,76.682304,77.902252,76.420891,77.553696
2015/3/20,77.205139,77.727974,75.723778,76.246613
2015/3/23,76.246613,78.250809,75.5495,76.595169
2015/3/24,76.682304,77.553696,76.333748,77.030861
2015/3/25,77.553696,78.947922,77.030861,77.989388
2015/3/26,76.508026,78.425087,76.508026,77.989388
2015/3/27,78.337944,79.819313,77.46656,77.640839
2015/3/30,78.425087,78.686501,76.682304,77.815109
2015/3/31,78.337944,78.947922,77.989388,78.512222
2015/4/1,77.989388,79.993591,77.989388,79.383614
2015/4/2,79.73217,81.997787,79.73217,81.474953
2015/4/7,82.956314,82.956314,81.474953,82.346336
2015/4/8,82.607758,83.479149,81.997787,82.084923
2015/4/9,82.346336,85.047646,82.259201,83.653427
2015/4/10,84.524818,85.047646,83.217728,83.653427
2015/4/13,84.176262,85.744759,84.176262,85.483345
2015/4/14,85.831902,87.574677,85.309067,87.138985
2015/4/15,88.010376,89.753151,85.57048,88.881767
2015/4/16,94.981491,94.981491,94.981491,94.981491
2015/4/17,97.595665,98.467056,94.981491,94.981491
2015/4/20,94.981491,96.724274,94.1101,96.724274
2015/4/21,97.595665,98.031357,90.18885,91.931625
2015/4/22,92.803017,97.159966,92.803017,96.288574
2015/4/23,98.031357,98.031357,94.981491,96.724274
2015/4/24,96.724274,101.952614,95.852882,101.081223
2015/4/27,101.952614,102.388306,100.209831,100.645531
2015/4/28,101.952614,102.388306,97.595665,98.902748
2015/4/29,98.031357,98.031357,92.367325,94.545799
2015/4/30,94.981491,95.852882,93.238716,94.981491
2015/5/4,94.981491,95.417191,91.495934,94.545799
2015/5/5,94.1101,98.031357,92.803017,94.545799
2015/5/6,95.417191,95.852882,93.238716,95.417191
2015/5/7,94.981491,98.467056,93.674408,96.724274
2015/5/8,97.595665,98.031357,93.238716,93.674408
2015/5/11,95.417191,95.417191,89.317459,91.495934
2015/5/12,91.495934,93.238716,89.753151,92.803017
2015/5/13,93.238716,94.1101,91.931625,92.803017
2015/5/14,92.803017,93.674408,91.495934,91.495934
2015/5/15,91.931625,92.367325,88.881767,89.317459
2015/5/18,90.18885,92.803017,89.753151,92.367325
2015/5/19,92.367325,94.1101,91.495934,94.1101
2015/5/20,94.1101,96.724274,92.803017,95.852882
2015/5/21,95.417191,97.595665,94.1101,95.417191
2015/5/22,96.724274,101.081223,95.417191,99.33844
2015/5/25,101.081223,102.824005,100.209831,102.824005
2015/5/26,104.131088,104.131088,98.902748,99.774139
2015/5/27,99.774139,101.081223,98.902748,100.645531
2015/5/28,101.952614,102.824005,98.467056,99.33844
2015/5/29,100.209831,100.209831,97.595665,98.031357
2015/6/1,97.595665,101.081223,96.724274,99.33844
2015/6/2,100.209831,103.695389,99.33844,101.516914
2015/6/3,102.824005,108.488037,102.388306,105.873863
2015/6/4,107.180954,107.616646,98.031357,99.33844
2015/6/5,99.33844,102.824005,98.031357,101.952614
2015/6/8,101.952614,103.259697,100.209831,101.516914
2015/6/9,103.259697,105.00248,98.467056,99.33844
2015/6/10,101.516914,104.131088,99.774139,103.695389
2015/6/11,105.873863,109.79512,105.438171,108.923729
2015/6/12,108.052338,109.359428,105.873863,106.309563
2015/6/15,107.180954,107.180954,101.952614,103.259697
2015/6/16,102.824005,104.131088,99.33844,100.645531
2015/6/17,101.081223,102.824005,100.645531,101.516914
2015/6/18,101.952614,104.56678,101.081223,104.56678
2015/6/22,106.309563,108.923729,106.309563,107.616646
2015/6/23,109.79512,111.102203,106.309563,106.745255
2015/6/24,108.052338,110.666512,107.180954,109.79512
2015/6/25,111.537903,113.280678,109.79512,113.280678
2015/6/26,112.409286,112.409286,110.23082,110.666512
2015/6/29,108.052338,108.923729,105.00248,106.309563
2015/6/30,106.309563,109.359428,105.873863,108.923729
2015/7/1,113.280678,119.816101,112.844986,119.816101
2015/7/2,118.944717,119.380409,116.330544,116.766235
2015/7/3,117.201935,123.301666,115.459152,119.816101
2015/7/6,118.509018,123.737358,118.073326,119.816101
2015/7/7,122.865967,123.301666,114.587769,115.459152
2015/7/8,114.152069,116.330544,104.131088,109.79512
2015/7/9,106.309563,111.537903,103.695389,110.23082
2015/7/10,110.23082,110.23082,110.23082,110.23082
2015/7/13,114.587769,114.587769,111.102203,111.537903
2015/7/14,112.844986,114.152069,111.102203,111.102203
2015/7/15,113.280678,113.716377,108.923729,110.23082
2015/7/16,111.537903,112.844986,108.488037,111.537903
2015/7/17,111.537903,112.409286,106.745255,106.745255
2015/7/20,108.923729,110.666512,107.616646,109.79512
2015/7/21,110.666512,110.666512,106.309563,109.79512
2015/7/22,105.438171,107.616646,103.259697,105.873863
2015/7/23,105.438171,107.616646,95.417191,99.774139
2015/7/24,98.467056,100.645531,96.288574,98.467056
2015/7/27,96.724274,97.159966,89.317459,89.753151
2015/7/28,89.317459,98.467056,88.446068,98.467056
2015/7/29,97.159966,98.902748,92.803017,95.417191
2015/7/30,94.981491,98.467056,94.1101,94.545799
2015/7/31,95.417191,96.288574,91.060242,91.931625
2015/8/3,91.495934,93.238716,89.753151,91.931625
2015/8/4,92.803017,95.417191,82.782036,82.782036
2015/8/5,83.043449,87.051849,77.640839,86.703293
2015/8/6,83.653427,84.524818,79.73217,80.16787
2015/8/7,79.296478,84.437675,79.296478,83.653427
2015/8/10,83.653427,88.881767,82.520615,87.138985
2015/8/11,89.317459,91.495934,86.354736,86.354736
2015/8/12,84.524818,86.180458,82.956314,84.437675
2015/8/13,85.396202,87.574677,85.221924,86.267593
2015/8/14,86.267593,86.877571,84.699097,84.873367
2015/8/17,85.396202,87.138985,84.437675,86.964706
2015/8/18,87.939728,87.939728,86.306175,86.396927
2015/8/19,86.850693,87.304459,84.581863,86.215424
2015/8/20,85.670898,88.756508,85.580147,86.669189
2015/8/21,84.218857,85.761658,78.773666,79.953461
2015/8/24,75.778816,75.96032,71.967186,71.967186
2015/8/25,68.064804,76.7771,68.064804,76.232582
2015/8/26,75.778816,78.864418,74.417519,77.140114
2015/8/27,78.501411,81.223999,78.501411,79.862701
2015/8/28,83.129814,84.40036,79.590446,79.953461
2015/8/31,80.316467,85.126381,80.316467,84.128098
2015/9/1,83.402077,84.854126,82.131531,82.131531
2015/9/2,80.497978,82.403793,80.497978,82.040779
2015/9/3,84.309608,84.491112,81.859276,81.859276
2015/9/4,82.403793,83.311325,78.501411,78.501411
2015/9/7,78.501411,79.045929,76.7771,78.592163
2015/9/8,79.136681,82.494545,79.136681,82.494545
2015/9/9,85.307892,90.117805,84.854126,87.122948
2015/9/10,85.307892,86.850693,85.126381,86.306175
2015/9/11,87.304459,90.299309,87.304459,87.848976
2015/9/14,89.391777,89.936295,87.576714,87.667465
2015/9/15,89.391777,89.57328,85.943161,86.215424
2015/9/16,87.213707,87.667465,84.40036,84.944878
2015/9/17,86.57843,87.485962,85.489395,86.850693
2015/9/18,86.669189,87.213707,85.670898,86.941444
2015/9/21,85.398643,85.852409,84.763374,84.854126
2015/9/22,85.761658,87.122948,85.307892,85.307892
2015/9/23,84.491112,84.944878,83.311325,83.402077
2015/9/24,84.581863,84.672615,80.407227,81.042496
2015/9/25,81.496262,81.950027,78.955177,81.950027
2015/9/29,81.950027,81.950027,81.950027,81.950027
2015/9/30,80.770233,81.859276,79.862701,81.677765
2015/10/1,82.131531,86.487679,82.131531,86.487679
2015/10/2,85.580147,86.124664,84.672615,85.580147
2015/10/5,86.759941,87.304459,84.944878,87.213707
2015/10/6,90.299309,93.475662,88.21199,88.21199
2015/10/7,88.665756,88.84726,87.304459,88.030479
2015/10/8,89.210274,90.208557,85.852409,85.852409
2015/10/12,87.213707,87.39521,86.033913,87.304459
2015/10/13,88.030479,89.210274,87.667465,87.848976
2015/10/14,86.57843,87.39521,85.852409,86.033913
2015/10/15,87.122948,87.576714,84.944878,85.035629
2015/10/16,85.761658,85.943161,83.492828,84.218857
2015/10/19,85.126381,85.126381,82.676048,83.402077
2015/10/20,84.309608,84.672615,82.131531,83.765083
2015/10/21,84.309608,85.761658,83.855843,85.580147
2015/10/22,84.854126,85.580147,84.491112,84.491112
2015/10/23,85.761658,85.852409,84.40036,84.40036
2015/10/26,85.761658,90.299309,85.489395,90.299309
2015/10/27,88.938011,89.301025,86.759941,87.576714
2015/10/28,88.21199,90.117805,87.667465,90.117805
2015/10/29,90.753075,90.753075,84.763374,85.126381
2015/10/30,85.126381,85.761658,81.950027,82.7668
2015/11/2,82.222282,83.58358,81.859276,82.676048
2015/11/3,83.492828,84.40036,83.220566,83.492828
2015/11/4,84.40036,85.670898,83.492828,84.309608
2015/11/5,84.128098,84.581863,83.220566,83.946594
2015/11/6,85.307892,87.122948,84.581863,85.126381
2015/11/9,86.033913,86.57843,84.40036,84.672615
2015/11/10,85.035629,85.761658,84.40036,84.491112
2015/11/11,84.944878,85.035629,82.222282,82.403793
2015/11/12,83.311325,83.311325,80.58873,83.311325
2015/11/13,82.131531,84.672615,82.131531,83.855843
2015/11/16,81.859276,82.7668,81.496262,82.222282
2015/11/17,83.58358,83.946594,83.039063,83.220566
2015/11/18,84.128098,85.580147,83.765083,84.491112
2015/11/19,86.215424,86.669189,85.489395,85.852409
2015/11/20,86.669189,87.39521,85.126381,85.307892
2015/11/23,86.57843,86.57843,85.217133,86.033913
2015/11/24,86.396927,86.396927,84.309608,84.309608
2015/11/25,85.126381,85.126381,82.7668,83.311325
2015/11/26,83.765083,84.037346,83.311325,83.492828
2015/11/27,83.946594,83.946594,82.585297,83.492828
2015/11/30,83.220566,83.492828,82.585297,83.402077
2015/12/1,84.037346,86.033913,83.946594,85.126381
2015/12/2,85.580147,86.941444,85.035629,85.307892
2015/12/3,84.854126,86.215424,84.218857,84.218857
2015/12/4,83.129814,83.855843,82.7668,83.402077
2015/12/7,84.581863,84.672615,82.7668,82.948311
2015/12/8,81.677765,81.950027,79.499695,80.134964
2015/12/9,79.953461,80.770233,79.408943,79.77195
2015/12/10,79.681198,79.862701,77.412369,78.592163
2015/12/11,79.045929,79.318184,73.691498,73.873001
2015/12/14,72.420952,73.691498,70.333633,70.333633
2015/12/15,71.331917,71.876434,69.970619,70.787399
2015/12/16,71.241165,71.694931,68.427818,71.241165
2015/12/17,72.057938,73.328484,71.150414,72.602463
2015/12/18,71.241165,71.967186,70.696648,71.694931
2015/12/21,70.424385,73.14698,70.424385,72.511703
2015/12/22,73.509987,73.691498,71.785683,71.785683
2015/12/23,71.967186,72.965469,71.51342,71.51342
2015/12/24,72.602463,72.783966,71.785683,71.785683
2015/12/25,75.32505,76.686348,74.780533,74.962036
2015/12/28,75.506554,75.688065,73.782249,73.782249
2015/12/29,73.509987,73.600746,72.420952,72.783966
2015/12/30,73.509987,73.691498,71.604172,71.967186
2015/12/31,71.694931,72.148697,70.968903,71.422668
2016/1/4,71.876434,72.420952,70.787399,71.241165
2016/1/5,71.331917,71.604172,69.153839,69.153839
2016/1/6,68.064804,68.064804,63.708656,65.52372
2016/1/7,64.434685,65.614471,62.619621,63.799412
2016/1/8,61.621338,64.797691,60.350796,64.434685
2016/1/11,63.164139,65.160706,62.619621,64.525436
2016/1/12,65.160706,65.432968,61.802841,61.893597
2016/1/13,63.345646,63.436398,62.075104,62.075104
2016/1/14,60.532299,61.439831,59.261757,59.987782
2016/1/15,61.258324,62.347363,60.804558,61.167572
2016/1/18,60.441547,65.069954,60.350796,64.434685
2016/1/19,63.799412,65.432968,63.073387,64.616188
2016/1/20,63.527153,64.071671,62.256611,63.799412
2016/1/21,64.343925,64.434685,62.710373,63.436398
2016/1/22,64.162422,64.434685,62.710373,63.527153
2016/1/25,65.160706,65.614471,64.434685,64.434685
2016/1/26,63.799412,64.979202,63.436398,64.888451
2016/1/27,65.069954,65.342216,63.890163,64.888451
2016/1/28,63.980919,65.614471,63.799412,65.342216
2016/1/29,66.885017,71.876434,66.885017,71.876434
2016/2/1,73.509987,74.689781,72.511703,73.509987
2016/2/2,73.963753,74.326767,72.693214,73.056221
2016/2/3,72.148697,73.782249,72.057938,72.420952
2016/2/15,71.967186,73.782249,71.694931,73.14698
2016/2/16,73.782249,76.595596,73.509987,75.052795
2016/2/17,75.96032,75.96032,74.50827,74.59903
2016/2/18,76.14183,76.232582,74.871284,74.871284
2016/2/19,75.234299,76.232582,74.962036,75.597313
2016/2/22,75.597313,76.051079,73.509987,73.782249
2016/2/23,74.236015,74.50827,73.419235,73.691498
2016/2/24,73.419235,73.419235,72.3302,72.783966
2016/2/25,73.419235,73.873001,73.056221,73.237732
2016/2/26,73.691498,74.50827,72.965469,74.50827
2016/3/1,75.143547,80.134964,74.871284,78.955177
2016/3/2,80.679482,82.222282,80.134964,80.58873
2016/3/3,81.677765,81.768517,79.045929,80.497978
2016/3/4,80.951744,81.223999,80.044212,80.407227
2016/3/7,81.40551,81.40551,79.408943,79.499695
2016/3/8,79.136681,80.58873,78.501411,80.407227
2016/3/9,79.862701,80.134964,79.045929,79.681198
2016/3/10,79.681198,80.225716,79.136681,79.408943
2016/3/11,79.681198,80.497978,79.136681,80.316467
2016/3/14,81.042496,82.585297,80.497978,82.131531
2016/3/15,82.585297,82.7668,78.682915,78.682915
2016/3/16,79.77195,80.951744,79.408943,79.862701
2016/3/17,81.133247,81.223999,79.136681,79.408943
2016/3/18,79.590446,80.679482,79.408943,80.679482
2016/3/21,81.223999,81.314751,79.862701,80.679482
2016/3/22,80.316467,80.316467,78.773666,78.955177
2016/3/23,78.773666,78.864418,76.051079,76.504845
2016/3/24,76.14183,77.684631,75.234299,77.59388
2016/3/25,78.047646,78.047646,75.869568,76.051079
2016/3/28,76.14183,76.7771,73.328484,73.600746
2016/3/29,73.14698,76.232582,73.14698,73.509987
2016/3/30,74.871284,76.232582,74.780533,76.232582
2016/3/31,76.958611,76.958611,75.052795,75.32505
2016/4/1,75.597313,75.597313,73.782249,74.236015
2016/4/6,74.236015,75.506554,72.239449,75.506554
2016/4/7,75.32505,75.415802,74.054504,75.143547
2016/4/8,74.689781,75.688065,73.963753,74.689781
2016/4/11,73.782249,73.782249,72.965469,73.419235
2016/4/12,73.419235,74.054504,72.602463,73.056221
2016/4/13,73.600746,73.873001,73.14698,73.509987
2016/4/14,74.417519,75.052795,74.054504,74.326767
2016/4/15,73.963753,74.236015,73.237732,74.236015
2016/4/18,73.328484,73.509987,71.059654,71.241165
2016/4/19,72.3302,72.602463,70.424385,70.605888
2016/4/20,70.787399,71.694931,68.064804,68.972336
2016/4/21,69.153839,69.516853,68.51857,68.609322
2016/4/22,68.337067,70.152122,67.70179,70.152122
2016/4/25,70.152122,70.152122,68.972336,69.698364
2016/4/26,70.515137,70.515137,69.426102,69.426102
2016/4/27,69.244598,70.696648,68.972336,70.152122
2016/4/28,70.152122,70.152122,67.70179,67.974052
2016/4/29,67.157272,67.70179,66.703506,67.520287
2016/5/3,67.70179,67.974052,65.614471,65.795975
2016/5/4,65.795975,67.157272,65.52372,66.3405
2016/5/5,66.431252,67.066521,65.432968,66.703506
2016/5/6,66.703506,67.883301,65.795975,67.70179
2016/5/9,67.611038,69.879868,67.248032,69.063087
2016/5/10,67.70179,71.059654,67.70179,68.972336
2016/5/11,69.698364,70.696648,68.609322,69.153839
2016/5/12,69.153839,69.607605,68.246307,68.51857
2016/5/13,67.883301,68.064804,65.614471,68.064804
2016/5/16,67.429535,67.883301,66.703506,66.703506
2016/5/17,68.064804,72.239449,68.064804,71.241165
2016/5/18,70.605888,73.237732,70.424385,72.602463
2016/5/19,73.056221,73.419235,71.059654,71.150414
2016/5/20,71.150414,72.420952,70.787399,71.967186
2016/5/23,73.056221,77.503128,72.420952,75.415802
2016/5/24,75.869568,76.504845,74.871284,75.415802
2016/5/25,76.686348,76.7771,74.962036,74.962036
2016/5/26,76.232582,76.232582,75.234299,75.688065
2016/5/27,75.869568,76.323334,75.778816,76.14183
2016/5/30,76.232582,76.504845,75.415802,76.232582
2016/5/31,76.595596,76.867851,75.597313,75.96032
2016/6/1,76.232582,77.321617,75.96032,76.232582
2016/6/2,76.504845,77.049362,75.143547,75.32505
2016/6/3,75.778816,75.96032,73.782249,74.59903
2016/6/6,74.417519,75.32505,73.600746,73.691498
2016/6/7,73.328484,74.326767,73.14698,73.14698
2016/6/8,73.509987,75.32505,73.419235,74.417519
2016/6/13,74.417519,74.417519,72.420952,72.783966
2016/6/14,72.420952,74.236015,71.785683,73.782249
2016/6/15,73.782249,73.963753,72.783966,73.14698
2016/6/16,72.783966,73.14698,71.331917,71.331917
2016/6/17,71.967186,72.965469,71.51342,72.965469
2016/6/20,73.328484,73.873001,72.693214,73.509987
2016/6/21,73.509987,73.691498,73.056221,73.509987
2016/6/22,73.509987,74.417519,73.328484,74.417519
2016/6/23,74.326767,74.326767,73.509987,74.326767
2016/6/24,73.963753,74.236015,70.605888,71.241165
2016/6/27,70.968903,72.874718,70.878151,72.874718
2016/6/28,72.239449,73.691498,71.876434,73.600746
2016/6/29,74.871284,76.323334,74.417519,75.415802
2016/6/30,75.869568,75.869568,75.052795,75.32505
2016/7/1,75.869568,76.232582,75.597313,75.778816
2016/7/4,76.051079,76.051079,75.143547,75.234299
2016/7/5,75.415802,76.686348,75.415802,75.96032
2016/7/6,75.597313,75.597313,74.236015,74.689781
2016/7/7,75.32505,75.32505,74.50827,74.780533
2016/7/8,74.780533,74.780533,74.780533,74.780533
2016/7/11,75.778816,77.140114,74.780533,76.232582
2016/7/12,76.14183,76.232582,75.234299,75.506554
2016/7/13,75.778816,76.051079,75.143547,75.415802
2016/7/14,75.415802,77.140114,75.32505,76.867851
2016/7/15,77.59388,78.319901,77.321617,77.412369
2016/7/18,77.59388,78.229149,76.867851,77.412369
2016/7/19,78.229149,78.955177,77.412369,77.956886
2016/7/20,77.956886,78.319901,77.140114,77.503128
2016/7/21,78.319901,78.773666,77.866135,78.319901
2016/7/22,79.045929,80.951744,79.045929,80.134964
2016/7/25,80.497978,80.679482,77.775383,78.319901
2016/7/26,78.047646,79.318184,77.140114,79.318184
2016/7/27,80.407227,80.497978,78.773666,79.227432
2016/7/28,79.318184,79.862701,75.778816,75.96032
2016/7/29,76.504845,77.412369,74.871284,77.140114
2016/8/1,77.140114,78.229149,76.7771,77.866135
2016/8/2,77.866135,79.227432,77.503128,78.955177
2016/8/3,78.047646,79.045929,77.866135,78.864418
2016/8/4,78.955177,81.223999,78.955177,79.499695
2016/8/5,79.681198,80.679482,78.955177,80.316467
2016/8/8,80.951744,81.40551,80.679482,81.133247
2016/8/9,81.677765,83.311325,81.40551,81.677765
2016/8/10,81.768517,81.768517,80.58873,80.860992
2016/8/11,80.770233,80.770233,78.047646,79.318184
2016/8/12,80.134964,80.134964,78.682915,78.955177
2016/8/15,79.045929,80.225716,78.864418,79.862701
2016/8/16,80.407227,80.497978,79.045929,79.681198
2016/8/17,79.77195,80.044212,79.136681,79.681198
2016/8/18,79.681198,80.407227,79.408943,80.134964
2016/8/19,80.407227,80.497978,79.408943,79.408943
2016/8/22,79.227432,79.227432,77.684631,77.775383
2016/8/23,77.412369,78.229149,77.412369,77.59388
2016/8/24,77.503128,78.229149,77.230865,77.321617
2016/8/25,77.866135,79.681198,77.321617,79.227432
2016/8/26,79.77195,79.862701,78.501411,78.592163
2016/8/29,78.864418,78.955177,77.866135,78.229149
2016/8/30,78.955177,79.681198,78.41066,79.136681
2016/8/31,80.134964,80.316467,79.590446,79.953461
2016/9/1,80.134964,80.316467,79.136681,79.499695
2016/9/2,79.953461,79.953461,77.412369,78.501411
2016/9/5,79.77195,79.77195,78.864418,78.955177
2016/9/6,79.862701,81.587013,79.681198,81.042496
2016/9/7,81.677765,82.7668,81.496262,82.403793
2016/9/8,80.323044,80.70417,79.560783,80.037201
2016/9/9,79.179657,79.846634,78.798531,79.75135
2016/9/12,78.607964,78.98909,78.131554,78.22683
2016/9/13,79.084373,79.4655,77.464577,77.75042
2016/9/14,78.607964,78.98909,76.988159,77.464577
2016/9/19,80.132477,81.942848,79.656067,81.656998
2016/9/20,81.466431,84.324905,81.371155,83.372078
2016/9/21,84.039055,85.563576,83.657928,84.324905
2016/9/22,86.42112,87.37394,85.087166,85.754143
2016/9/23,86.706963,86.802246,85.563576,86.611679
2016/9/26,85.944702,87.183372,85.754143,87.183372
2016/9/27,87.183372,87.183372,87.183372,87.183372
2016/9/28,87.183372,87.183372,87.183372,87.183372
2016/9/29,88.1362,89.37487,87.183372,88.040916
2016/9/30,87.850349,89.565437,87.65979,88.993744
2016/10/3,89.470154,89.85128,87.65979,88.707893
2016/10/4,88.803177,88.993744,87.945633,88.1362
2016/10/5,88.517326,89.85128,88.1362,88.61261
2016/10/6,88.707893,89.089027,87.469223,88.231483
2016/10/7,87.65979,87.65979,85.182449,85.658859
2016/10/11,86.706963,86.706963,84.039055,85.087166
2016/10/12,85.182449,86.516403,84.324905,85.658859
2016/10/13,85.754143,85.944702,84.515472,84.896599
2016/10/14,84.801315,84.801315,82.514542,82.895668
2016/10/17,83.848495,86.230553,83.372078,86.039986
2016/10/18,86.039986,86.135269,84.991882,85.373009
2016/10/19,85.754143,86.135269,85.182449,85.563576
2016/10/20,85.849426,86.135269,85.182449,85.658859
2016/10/21,85.658859,86.135269,85.182449,85.658859
2016/10/24,85.944702,87.65979,85.658859,87.278656
2016/10/25,87.65979,89.089027,87.278656,88.517326
2016/10/26,88.1362,89.755997,87.278656,89.184303
2016/10/27,88.89846,89.85128,87.850349,88.040916
2016/10/28,86.611679,86.89753,85.754143,85.754143
2016/10/31,85.754143,86.42112,85.087166,85.658859
2016/11/1,85.277725,86.611679,84.229622,86.42112
2016/11/2,85.468292,86.42112,84.134338,84.134338
2016/11/3,84.134338,84.896599,82.514542,83.086235
2016/11/4,82.990952,84.039055,82.705101,82.705101
2016/11/7,83.657928,85.277725,82.705101,85.087166
2016/11/8,85.373009,85.373009,84.324905,85.087166
2016/11/9,85.468292,86.42112,80.513611,80.799454
2016/11/10,83.086235,83.562645,82.133408,82.514542
2016/11/11,80.608894,81.275871,79.941917,79.941917
2016/11/14,80.037201,80.132477,76.988159,77.464577
2016/11/15,76.988159,78.703247,75.844772,78.51268
2016/11/16,78.893806,79.560783,78.131554,78.417397
2016/11/17,78.798531,78.98909,76.988159,78.893806
2016/11/18,78.893806,79.560783,78.417397,79.560783
2016/11/21,79.560783,80.799454,79.27494,80.037201
2016/11/22,80.22776,80.513611,79.846634,80.513611
2016/11/23,80.608894,81.752281,80.608894,81.466431
2016/11/24,81.466431,81.561714,79.4655,79.75135
2016/11/25,79.179657,80.799454,79.179657,80.70417
2016/11/28,80.990021,81.656998,80.70417,81.371155
2016/11/29,81.371155,81.942848,81.275871,81.847565
2016/11/30,81.847565,82.038132,80.799454,81.371155
2016/12/1,81.085304,81.275871,80.513611,80.513611
2016/12/2,79.084373,79.75135,78.893806,79.370224
2016/12/5,78.98909,79.179657,77.940987,79.084373
2016/12/6,79.370224,79.75135,78.607964,78.893806
2016/12/7,79.179657,79.560783,78.51268,78.51268
2016/12/8,78.51268,78.51268,77.559853,78.51268
2016/12/9,79.179657,79.179657,78.22683,78.417397
2016/12/12,78.98909,79.084373,78.322113,78.607964
2016/12/13,78.607964,80.894737,78.607964,80.323044
2016/12/14,80.990021,80.990021,80.037201,80.037201
2016/12/15,79.75135,80.513611,79.370224,80.513611
2016/12/16,80.513611,80.70417,79.846634,79.941917
2016/12/19,79.941917,79.941917,78.98909,79.084373
2016/12/20,79.27494,80.608894,79.179657,79.656067
2016/12/21,80.990021,81.752281,80.323044,80.323044
2016/12/22,80.990021,80.990021,79.941917,79.941917
2016/12/23,79.846634,80.513611,79.4655,79.4655
2016/12/26,79.75135,80.990021,79.179657,80.418327
2016/12/27,80.608894,80.894737,80.132477,80.132477
2016/12/28,80.132477,80.799454,80.132477,80.608894
2016/12/29,80.608894,81.466431,80.323044,80.799454
2016/12/30,80.608894,81.180588,80.608894,80.799454
2017/1/3,80.132477,81.561714,79.846634,81.466431
2017/1/4,81.466431,82.514542,81.180588,81.942848
2017/1/5,81.752281,82.419258,81.275871,82.038132
2017/1/6,81.942848,83.372078,81.656998,82.895668
2017/1/9,82.895668,84.324905,82.895668,83.657928
2017/1/10,83.657928,84.229622,82.990952,84.134338
2017/1/11,84.134338,85.468292,83.562645,84.896599
2017/1/12,84.801315,85.373009,84.420189,84.515472
2017/1/13,84.134338,84.896599,84.134338,84.515472
2017/1/16,84.324905,84.324905,82.609825,82.609825
2017/1/17,82.895668,84.039055,82.323975,84.039055
2017/1/18,83.562645,84.039055,83.086235,83.467361
2017/1/19,82.895668,83.943771,82.895668,83.467361
2017/1/20,83.372078,83.753212,83.372078,83.562645
2017/1/23,84.039055,86.992813,84.039055,86.325836
2017/1/24,84.801315,85.563576,84.134338,85.468292
2017/2/2,86.230553,88.707893,86.230553,87.65979
2017/2/3,88.42205,89.470154,86.992813,86.992813
2017/2/6,87.469223,88.1362,87.183372,87.183372
2017/2/7,87.183372,87.469223,85.849426,86.230553
2017/2/8,86.42112,87.37394,85.944702,87.278656
2017/2/9,87.183372,87.945633,86.611679,86.706963
2017/2/10,87.469223,88.61261,86.992813,87.65979
2017/2/13,87.850349,91.471085,87.278656,90.422974
2017/2/14,90.994675,95.091812,90.232414,93.376732
2017/2/15,93.376732,94.234268,91.947495,91.947495
2017/2/16,92.138062,92.328629,90.327698,90.613541
2017/2/17,90.613541,90.613541,89.755997,89.755997
2017/2/20,91.280518,91.280518,88.42205,88.42205
2017/2/21,88.803177,89.565437,88.1362,88.993744
2017/2/22,90.422974,90.422974,89.089027,89.089027
2017/2/23,89.089027,91.185234,88.61261,89.755997
2017/2/24,89.85128,90.613541,89.279587,90.041847
2017/3/1,90.041847,90.041847,87.183372,88.42205
2017/3/2,89.37487,89.37487,87.183372,87.755074
2017/3/3,87.564507,89.37487,87.183372,88.517326
2017/3/6,88.61261,88.803177,87.850349,88.040916
2017/3/7,88.707893,90.994675,88.61261,90.899391
2017/3/8,90.994675,93.376732,90.041847,91.661652
2017/3/9,91.375801,91.661652,89.755997,90.518257
2017/3/10,89.85128,90.041847,88.61261,89.565437
2017/3/13,89.946564,90.613541,89.279587,89.37487
2017/3/14,89.660721,91.661652,89.660721,90.518257
2017/3/15,90.518257,90.518257,89.565437,89.660721
2017/3/16,90.518257,92.709755,90.041847,91.185234
2017/3/17,91.089951,92.614471,90.422974,92.328629
2017/3/20,91.947495,99.093674,91.947495,98.617264
2017/3/21,98.617264,99.570084,97.188026,97.664436
2017/3/22,95.282379,99.093674,94.615402,98.140846
2017/3/23,98.140846,102.428558,96.711617,100.046494
2017/3/24,100.999321,101.952148,98.617264,98.617264
2017/3/27,98.617264,99.570084,97.188026,97.188026
2017/3/28,98.140846,98.617264,93.186165,94.805969
2017/3/29,96.235199,98.617264,95.758789,97.188026
2017/3/30,98.140846,99.093674,97.188026,97.188026
2017/3/31,98.140846,102.904968,98.140846,100.522911
2017/4/5,102.904968,104.334206,99.570084,100.046494
2017/4/6,100.046494,101.475731,97.188026,98.140846
2017/4/7,98.140846,99.093674,95.187096,96.711617
2017/4/10,95.758789,96.711617,94.901253,95.758789
2017/4/11,96.235199,96.711617,94.329552,94.329552
2017/4/12,96.235199,97.664436,95.282379,97.188026
2017/4/13,99.093674,100.999321,98.140846,99.093674
2017/4/14,99.093674,99.093674,95.282379,95.282379
2017/4/17,97.664436,98.617264,93.662575,95.282379
2017/4/18,96.711617,98.140846,96.235199,96.711617
2017/4/19,95.758789,99.093674,95.758789,96.235199
2017/4/20,96.711617,96.711617,94.805969,94.805969
2017/4/21,95.758789,96.711617,94.805969,94.901253
2017/4/24,96.235199,97.664436,95.091812,97.664436
2017/4/25,97.664436,100.046494,97.188026,99.570084
2017/4/26,100.522911,103.857796,99.570084,101.952148
2017/4/27,101.475731,102.428558,100.046494,101.475731
2017/4/28,100.522911,111.480385,100.046494,106.716263
2017/5/2,108.62191,111.956795,107.66909,110.051147
2017/5/3,109.574738,110.527557,108.1455,108.1455
2017/5/4,108.62191,111.956795,108.62191,111.480385
2017/5/5,109.574738,110.527557,107.66909,107.66909
2017/5/8,108.62191,109.574738,107.192673,109.574738
2017/5/9,110.051147,112.909615,107.66909,108.1455
2017/5/10,108.62191,110.527557,107.192673,110.051147
2017/5/11,110.527557,110.527557,107.66909,108.62191
2017/5/12,108.62191,109.574738,107.66909,107.66909
2017/5/15,108.1455,110.051147,108.1455,109.574738
2017/5/16,110.051147,113.386032,109.09832,109.574738
2017/5/17,109.574738,110.527557,108.1455,108.1455
2017/5/18,105.287025,108.62191,104.334206,108.62191
2017/5/19,109.574738,109.574738,107.192673,107.192673
2017/5/22,108.1455,109.574738,107.192673,107.66909
2017/5/23,108.1455,109.574738,107.192673,107.192673
2017/5/24,108.1455,108.1455,107.192673,107.66909
2017/5/25,107.66909,108.1455,106.716263,107.66909
2017/5/26,108.1455,108.1455,105.763443,106.239853
2017/5/31,106.716263,107.192673,100.999321,101.475731
2017/6/1,101.475731,102.904968,100.522911,102.428558
2017/6/2,103.381378,104.334206,102.428558,103.381378
2017/6/5,106.716263,108.1455,105.763443,106.239853
2017/6/6,106.239853,106.239853,104.810616,105.287025
2017/6/7,105.763443,106.239853,104.334206,104.334206
2017/6/8,104.810616,109.574738,104.810616,108.62191
2017/6/9,108.62191,109.574738,107.66909,109.09832
2017/6/12,107.66909,108.1455,105.763443,107.192673
2017/6/13,106.239853,107.192673,105.763443,106.716263
2017/6/14,107.66909,109.574738,102.904968,103.857796
2017/6/15,103.857796,104.810616,102.904968,104.810616
2017/6/16,104.810616,106.239853,103.857796,105.763443
2017/6/19,106.239853,109.574738,105.287025,108.62191
2017/6/20,109.574738,111.003967,107.66909,107.66909
2017/6/21,108.62191,111.003967,107.66909,109.09832
2017/6/22,110.527557,113.862442,109.574738,113.862442
2017/6/23,112.433205,113.386032,111.003967,111.003967
2017/6/26,111.480385,112.433205,109.574738,111.480385
2017/6/27,111.480385,111.956795,109.574738,110.527557
2017/6/28,109.09832,110.051147,106.716263,107.192673
2017/6/29,108.1455,108.62191,104.810616,105.763443
2017/6/30,104.810616,109.09832,104.334206,109.09832
2017/7/3,108.62191,109.09832,107.192673,107.66909
2017/7/4,107.66909,108.1455,106.239853,107.66909
2017/7/5,108.1455,108.1455,106.239853,106.716263
2017/7/6,107.192673,108.62191,106.716263,107.66909
2017/7/7,108.1455,111.003967,107.192673,107.192673
2017/7/10,107.192673,108.1455,106.716263,108.1455
2017/7/11,108.62191,110.527557,108.1455,110.051147
2017/7/12,110.051147,112.909615,109.574738,111.956795
2017/7/13,112.909615,113.386032,111.003967,111.480385
2017/7/14,111.480385,112.909615,110.051147,112.909615
2017/7/17,112.909615,112.909615,108.62191,110.051147
2017/7/18,109.574738,111.480385,109.09832,110.527557
2017/7/19,110.527557,112.433205,109.574738,110.051147
2017/7/20,111.003967,112.433205,110.527557,111.480385
2017/7/21,111.480385,114.815269,110.527557,113.386032
2017/7/24,113.386032,116.720917,112.909615,115.768089
2017/7/25,116.244499,117.673737,114.815269,116.244499
2017/7/26,117.197327,120.055794,117.197327,118.150146
2017/7/27,119.102974,123.867088,119.102974,123.867088
2017/7/28,124.819916,128.1548,121.008621,122.914268
2017/7/31,125.772743,134.82457,125.296326,134.34816
2017/8/1,136.253799,137.683044,129.58403,131.966095
2017/8/2,135.30098,136.730209,132.442505,136.253799
2017/8/3,133,135,131,131
2017/8/4,131,133,128,132.5
2017/8/7,134,134,131.5,132
2017/8/8,135,136.5,132,132
2017/8/9,132.5,133,128.5,130.5
2017/8/10,132.5,132.5,124.5,127
2017/8/11,125,131.5,125,130.5
2017/8/14,131,132.5,127,127
2017/8/15,130,132,129.5,132
2017/8/16,133.5,135,130.5,130.5
2017/8/17,131.5,133.5,131,132
2017/8/18,130.5,132,130,131
2017/8/21,131,135.5,130,134.5
2017/8/22,135.5,136,133,133
2017/8/23,135,136.5,133.5,133.5
2017/8/24,134,139.5,134,138
2017/8/25,140,141.5,138.5,138.5
2017/8/28,139.5,140,137,138.5
2017/8/29,138.5,138.5,136,136
2017/8/30,137,138.5,136,136
2017/8/31,137,137.5,132.5,133.5
2017/9/1,134,135,132,134.5
2017/9/4,133,133,129.5,130
2017/9/5,131.5,133,130,132.5
2017/9/6,132,134,128.5,130
2017/9/7,131.5,131.5,124.5,125.5
2017/9/8,127,129.5,125.5,129
2017/9/11,129,130.5,125.5,127
2017/9/12,129,129,126,126.5
2017/9/13,127,127.5,119,122.5
2017/9/14,123,124,120,123.5
2017/9/15,123.5,123.5,120.5,122.5
2017/9/18,124,126,122.5,125
2017/9/19,124.5,125,122,123.5
2017/9/20,122.5,123,115.5,116
2017/9/21,117,120,116,117
2017/9/22,117.5,118.5,113.5,114
2017/9/25,114.5,114.5,108,108
2017/9/26,109,115.5,109,112
2017/9/27,115,118.5,113.5,117
2017/9/28,117.5,118,115,116
2017/9/29,116,117.5,114.5,116
2017/10/2,120,121,119,119.5
2017/10/3,120.5,122,117.5,118.5
2017/10/5,118,122.5,117,121.5
2017/10/6,123,123.5,117.5,120.5
2017/10/11,121.5,122,119,121
2017/10/12,121.5,122,119.5,120.5
2017/10/13,120.5,123,120,120.5
2017/10/16,122,123,120,121.5
2017/10/17,122.5,123,120.5,120.5
2017/10/18,121.5,122,116,116.5
2017/10/19,116.5,119.5,116,118
2017/10/20,117,117.5,114,115
2017/10/23,116,117,115,117
2017/10/24,117,123.5,116.5,122
2017/10/25,123.5,125,122,122.5
2017/10/26,124,128.5,123,128.5
2017/10/27,119,121,116,116
2017/10/30,118,118.5,110,112.5
2017/10/31,112.5,116.5,110.5,115.5
2017/11/1,114.5,116.5,113,114
2017/11/2,118,120,117,117
2017/11/3,118,120,117.5,119.5
2017/11/6,121,122,120,120.5
2017/11/7,120.5,121,118.5,119
2017/11/8,119,123,119,122
2017/11/9,123,123,117.5,119
2017/11/10,120,121,118,118.5
2017/11/13,118,119,115.5,115.5
2017/11/14,116,118,115.5,118
2017/11/15,117,118,115.5,116.5
2017/11/16,116,121.5,115.5,120
2017/11/17,119.5,121,118.5,119
2017/11/20,119,120,117.5,118.5
2017/11/21,119,120.5,118.5,120
2017/11/22,124,128,123.5,124
2017/11/23,126.5,129.5,126,129
2017/11/24,129,130.5,126.5,126.5
2017/11/27,127.5,129,125,125
2017/11/28,125.5,127,123.5,124
2017/11/29,125.5,128,124,126
2017/11/30,123,124,120,123
2017/12/1,123,123,111.5,115
2017/12/4,113,113,107,109
2017/12/5,113,115,110,110.5
2017/12/6,111,112,106,106.5
2017/12/7,107,109.5,106,106.5
2017/12/8,108.5,109,106.5,109
2017/12/11,112,114,109.5,113.5
2017/12/12,113.5,114,111.5,112
2017/12/13,112,113,108,109
2017/12/14,110,111.5,109.5,111
2017/12/15,111,111.5,109,111
2017/12/18,112.5,113,109,109
2017/12/19,110,111,109,109
2017/12/20,110,115.5,110,114.5
2017/12/21,114.5,114.5,110.5,111
2017/12/22,114,115,112,112.5
2017/12/25,112.5,113,110,110.5
2017/12/26,109,110,100.5,102
2017/12/27,101.5,105,101.5,104.5
2017/12/28,105,107.5,103.5,106.5
2017/12/29,107.5,108,105.5,106.5
2018/1/2,107,111,105.5,111
2018/1/3,112,112,108,108.5
2018/1/4,109.5,110,107.5,107.5
2018/1/5,109,109,106.5,107.5
2018/1/8,107.5,110.5,105.5,110
2018/1/9,111.5,111.5,106,106
2018/1/10,106,107.5,103.5,104
2018/1/11,104.5,107.5,104,107.5
2018/1/12,107,109.5,106.5,108
2018/1/15,109.5,112.5,108.5,110
2018/1/16,110,111.5,109,111
2018/1/17,111.5,111.5,110,110.5
2018/1/18,111.5,112.5,110.5,110.5
2018/1/19,111,111,109,109.5
2018/1/22,109.5,113.5,109.5,113
2018/1/23,113,115,111.5,113
2018/1/24,113.5,117,113,115.5
2018/1/25,116.5,118,115,116
2018/1/26,116.5,118,116,117
2018/1/29,118,121,117.5,120.5
2018/1/30,119,119.5,113,115.5
2018/1/31,111,113.5,110,111
2018/2/1,112,114,111.5,111.5
2018/2/2,113,115,112.5,115
2018/2/5,110.5,113.5,110,113.5
2018/2/6,110.5,111.5,103.5,106
2018/2/7,110,112,108,108.5
2018/2/8,110,110.5,108,109
2018/2/9,105,111.5,103.5,110.5
2018/2/12,111.5,111.5,108,108
2018/2/21,110.5,112,108.5,111.5
2018/2/22,111,113,110,112.5
2018/2/23,113.5,116.5,113,113.5
2018/2/26,115.5,115.5,112.5,113
2018/2/27,114.5,115,112,112
2018/3/1,111,115,110.5,115
2018/3/2,113.5,114.5,112.5,113.5
2018/3/5,114,114.5,111.5,111.5
2018/3/6,113.5,113.5,112,112.5
2018/3/7,110,111,108.5,109
2018/3/8,108.5,110.5,108,109
2018/3/9,110,111,109.5,110.5
2018/3/12,111.5,113,111,111.5
2018/3/13,110.5,112,110,111
2018/3/14,110,111,109.5,110
2018/3/15,110.5,111.5,110,110.5
2018/3/16,110.5,111.5,109,109
2018/3/19,109.5,110.5,109,109.5
2018/3/20,108.5,109.5,108.5,109
2018/3/21,109.5,110,109,109
2018/3/22,109.5,111.5,108.5,109.5
2018/3/23,105.5,107.5,104,104.5
2018/3/26,103.5,104,102,103.5
2018/3/27,105.5,106,102.5,103.5
2018/3/28,103,103,99.800003,100
2018/3/29,101,102,98.5,99.900002
2018/3/30,100.5,101.5,99,100
2018/4/2,99.800003,100,98,98
2018/4/3,96,96.599998,93.5,94
2018/4/9,95.699997,97.199997,94.900002,95.599998
2018/4/10,97,97.300003,94.300003,94.5
2018/4/11,95.5,97,94.800003,95.800003
2018/4/12,96.900002,99.300003,96.099998,99.199997
2018/4/13,99.5,99.800003,97,97.199997
2018/4/16,97.800003,98.199997,96.800003,97.300003
2018/4/17,98,98.199997,97,97.900002
2018/4/18,98.400002,99.300003,97.400002,97.599998
2018/4/19,97.599998,98.699997,97.5,98.400002
2018/4/20,98.300003,98.900002,97.599998,97.900002
2018/4/23,97.900002,98.800003,93.400002,93.5
2018/4/24,93.300003,93.300003,86.400002,88.099998
2018/4/25,85.699997,88.5,84.199997,88.199997
2018/4/26,90,90,84.5,84.599998
2018/4/27,76.300003,80,76.300003,79.400002
2018/4/30,80.099998,80.099998,77.099998,78.099998
2018/5/2,78.800003,80.599998,78.699997,79.5
2018/5/3,78.300003,79.800003,78.199997,78.800003
2018/5/4,79,80.300003,78.900002,80
2018/5/7,82.199997,83.300003,80.5,83
2018/5/8,83.699997,87.599998,83.699997,86
2018/5/9,86.5,86.5,84.599998,85
2018/5/10,85.199997,86.699997,85.199997,85.599998
2018/5/11,86,87,86,86.099998
2018/5/14,86.300003,86.900002,85.199997,85.599998
2018/5/15,86,86.5,85.599998,85.699997
2018/5/16,85.5,86.199997,83,83
2018/5/17,83.5,85.800003,83.5,85.199997
2018/5/18,85.199997,86.099998,84.800003,85.599998
2018/5/21,86.5,89.199997,85.900002,88.199997
2018/5/22,89.199997,89.800003,87.400002,88.300003
2018/5/23,88.300003,88.300003,87.099998,87.400002
2018/5/24,87.599998,88.199997,87.400002,87.800003
2018/5/25,87.5,87.699997,86.599998,86.900002
2018/5/28,86.900002,88.599998,86.900002,87.699997
2018/5/29,87.699997,88,86.300003,86.300003
2018/5/30,86.300003,87.300003,86,86.599998
2018/5/31,87,87.300003,86.300003,86.800003
2018/6/1,87,88.400002,86.400002,87.800003
2018/6/4,88.5,90.5,88.300003,90.5
2018/6/5,91.5,91.800003,89.5,89.599998
2018/6/6,90.400002,91,89.699997,91
2018/6/7,91.5,92.599998,90.900002,92.099998
2018/6/8,92.300003,92.800003,91,91
2018/6/11,91.300003,92,90.199997,91.699997
2018/6/12,93.5,94.800003,93.099998,93.599998
2018/6/13,93.400002,95.699997,92.599998,95.199997
2018/6/14,95.199997,96.800003,94.199997,95
2018/6/15,97,98.400002,96.5,97.400002
2018/6/19,97.199997,97.300003,95,95
2018/6/20,94.5,95.099998,92.199997,92.599998
2018/6/21,93,94.800003,93,94.699997
2018/6/22,93.5,94.699997,93.099998,93.199997
2018/6/25,93.599998,94,92.099998,92.300003
2018/6/26,91.099998,91.599998,90.099998,90.900002
2018/6/27,91.599998,95.699997,91.599998,94.699997
2018/6/28,93.300003,94.300003,92.800003,93
2018/6/29,94.400002,95.5,93.599998,94
2018/7/2,94.699997,96.5,94,94
2018/7/3,94.5,95.199997,92.5,93.099998
2018/7/4,93.300003,94.800003,92.300003,94.800003
2018/7/5,95.400002,95.800003,93,93.199997
2018/7/6,94.199997,94.5,91.400002,93.5
2018/7/9,94.599998,95.099998,94.199997,95
2018/7/10,96,96.199997,94.699997,95.400002
2018/7/11,94.5,96,94.199997,95
2018/7/12,96.199997,98.699997,95.800003,97.900002
2018/7/13,98.400002,101,98.400002,100.5
2018/7/16,102.5,105,102,104
2018/7/17,103.5,104.5,102.5,103
2018/7/18,104.5,108,104.5,105.5
2018/7/19,107,107.5,104,106
2018/7/20,106.5,108.5,105,105.5
2018/7/23,106,106.5,102,102.5
2018/7/24,102,103.5,101,102.5
2018/7/25,103,105.5,101.5,103
2018/7/26,103,103,99.599998,99.800003
2018/7/27,98.300003,104.5,96.599998,104.5
2018/7/30,105,107,104,107
2018/7/31,106.5,108,103.5,108
2018/8/1,108,108.5,107,108
2018/8/2,108.5,109.5,106,108
2018/8/3,109,109.5,107,108
2018/8/6,108.5,113,108.5,111.5
2018/8/7,111.5,112,110,111.5
2018/8/8,106.5,107.5,104,104
2018/8/9,105,105.5,103,103.5
2018/8/10,104,104.5,102.5,102.5
2018/8/13,102,105.5,99.900002,101.5
2018/8/14,103,104,101.5,102.5
2018/8/15,103,103,99.599998,100
2018/8/16,100,102,98,101
2018/8/17,102.5,103.5,98.599998,98.599998
2018/8/20,98.5,99.599998,91.099998,91.300003
2018/8/21,93.199997,95.199997,92.199997,95
2018/8/22,95,95.099998,93.5,93.5
2018/8/23,93.300003,94.599998,92.800003,93
2018/8/24,93,93,89.199997,90.5
2018/8/27,91,93.900002,91,93.5
2018/8/28,94,96,94,95
2018/8/29,96,98.300003,95.800003,97.800003
2018/8/30,98,99.5,97.199997,99
2018/8/31,99,99,97.199997,99
2018/9/3,98,99,97.199997,97.199997
2018/9/4,98,98.699997,97.300003,97.800003
2018/9/5,98.5,99.699997,97,97
2018/9/6,96.900002,98,93.099998,93.400002
2018/9/7,93.099998,94,89.599998,91.800003
2018/9/10,92.099998,92.800003,87.199997,87.699997
2018/9/11,88.300003,90.599998,87.5,90
2018/9/12,90.099998,91.400002,88.5,91.300003
2018/9/13,92.800003,93.5,91.199997,92.300003
2018/9/14,93.400002,93.800003,92.599998,93.5
2018/9/17,92.5,93.900002,92,92.699997
2018/9/18,92.5,92.5,88.599998,89.5
2018/9/19,90,90.699997,89.599998,89.599998
2018/9/20,90.099998,90.5,83,84.5
2018/9/21,84.5,88.5,83.199997,88.5
2018/9/25,86.5,88.400002,86.099998,87.599998
2018/9/26,87.699997,88.599998,86.199997,86.5
2018/9/27,86.099998,89.5,86.099998,89.5
2018/9/28,88.800003,89.300003,86.400002,86.599998
2018/10/1,86.900002,88.400002,86.900002,87.900002
2018/10/2,88,88.699997,87.400002,87.400002
2018/10/3,87.400002,87.900002,86.099998,86.199997
2018/10/4,86,87.400002,85,86.699997
2018/10/5,87,87,83.300003,86
2018/10/8,85.199997,87.300003,85,85.900002
2018/10/9,85.5,86.099998,83.300003,84.5
2018/10/11,76.5,79,76.099998,76.099998
2018/10/12,74.099998,79.5,74.099998,79
2018/10/15,78.599998,81.5,77.5,81.5
2018/10/16,80.699997,83.099998,80.699997,81.599998
2018/10/17,83.199997,83.800003,81.099998,81.099998
2018/10/18,81.099998,82.400002,80.699997,81.900002
2018/10/19,80,80.800003,79.300003,80.5
2018/10/22,80.5,81.900002,80,80.099998
2018/10/23,79.300003,80.800003,79.300003,79.599998
2018/10/24,79.900002,81.800003,79.5,80.599998
2018/10/25,77,79,77,77
2018/10/26,78.199997,78.699997,75.5,75.5
2018/10/29,76.400002,76.900002,74.099998,75
2018/10/30,76.699997,79.300003,76,76
2018/10/31,76.900002,78.699997,76.900002,77.699997
2018/11/1,79.699997,85.400002,79.099998,85.400002
2018/11/2,85.400002,88,83.599998,84.199997
2018/11/5,83,84.599998,82.199997,82.300003
2018/11/6,82.900002,83.099998,77,77.099998
2018/11/7,78.5,80,78.300003,79.300003
2018/11/8,81.699997,81.800003,78.5,78.599998
2018/11/9,80.599998,80.800003,77.099998,78.599998
2018/11/12,78,80.099998,77.5,79.5
2018/11/13,75.300003,78.800003,75.300003,78.400002
2018/11/14,79,80.699997,78.199997,78.5
2018/11/15,79.900002,80.599998,79.300003,79.300003
2018/11/16,80.599998,82,79.800003,80
2018/11/19,80.599998,80.599998,78.5,78.800003
2018/11/20,78.099998,78.900002,77.300003,78.5
2018/11/21,78.300003,79.300003,77.5,79.099998
2018/11/22,79.400002,80.800003,79.099998,79.099998
2018/11/23,78.800003,79.400002,77.099998,77.699997
2018/11/26,77.900002,78.900002,77.099998,77.300003
2018/11/27,77.900002,78,76.5,77.5
2018/11/28,77.699997,79.300003,77.699997,78.900002
2018/11/29,79.900002,81,79.300003,79.400002
2018/11/30,79.800003,81.5,79.800003,80.599998
2018/12/3,82,88.199997,81.900002,87.800003
2018/12/4,87.599998,87.599998,85.199997,85.599998
2018/12/5,83,83.900002,81.300003,82.300003
2018/12/6,81.300003,82.300003,78,78.199997
2018/12/7,78.599998,80.400002,78.599998,79.800003
2018/12/10,77.099998,77.5,76.099998,77
2018/12/11,77,77.199997,76.300003,76.599998
2018/12/12,78.5,79.5,78.099998,79
2018/12/13,80,80,78.5,79
2018/12/14,79.599998,79.599998,78.099998,78.900002
2018/12/17,78.5,78.900002,77.599998,77.699997
2018/12/18,77,78.099998,76.5,77.599998
2018/12/19,78.099998,78.300003,77.599998,77.599998
2018/12/20,77,77.599998,75.599998,75.599998
2018/12/21,75.099998,76,74.300003,75.699997
2018/12/24,76,76.5,75.300003,76
2018/12/25,75.099998,75.5,74.400002,75
2018/12/26,75,75.900002,74.5,74.5
2018/12/27,76,76.400002,75.099998,75.800003
2018/12/28,75.800003,75.800003,74.099998,74.5
2019/1/2,75.099998,75.699997,74.699997,75.300003
2019/1/3,75,75.199997,69,70.599998
2019/1/4,69,70.5,66.900002,70
2019/1/7,71.699997,72.099998,70.599998,71
2019/1/8,70.300003,70.5,68.300003,68.800003
2019/1/9,67.400002,70.5,66.800003,70
2019/1/10,69.300003,69.900002,68.300003,68.300003
2019/1/11,68.300003,69.199997,68.199997,68.5
2019/1/14,69,70.199997,68.800003,69.599998
2019/1/15,69.400002,70.199997,69.099998,69.800003
2019/1/16,69.800003,71.599998,69.599998,70.400002
2019/1/17,71.199997,73.599998,70.699997,73
2019/1/18,72,75.900002,72,74.800003
2019/1/21,74.900002,75.599998,73.599998,73.900002
2019/1/22,74,74.5,72.099998,72.099998
2019/1/23,72.599998,73.5,71.800003,72.400002
2019/1/24,72.5,73.199997,71.599998,71.800003
2019/1/25,72,73.599998,72,73.199997
2019/1/28,73.400002,74.900002,73.099998,73.5
2019/1/29,73.400002,74.699997,72.599998,74.5
2019/1/30,74.599998,75.300003,74.300003,75.199997
2019/2/11,76,78,75.599998,78
2019/2/12,77.900002,80,77.900002,79
2019/2/13,79.400002,79.400002,77.300003,77.800003
2019/2/14,77.900002,80.300003,77.900002,80.199997
2019/2/15,85.5,88.199997,85,88.199997
2019/2/18,89.5,90.400002,88.699997,90.400002
2019/2/19,89.300003,90.5,88.800003,90.5
2019/2/20,91,94.599998,90.800003,91.300003
2019/2/21,92.599998,92.800003,90.099998,92.800003
2019/2/22,92.400002,93.300003,91.800003,92.5
2019/2/25,92.699997,93.599998,91.900002,92.599998
2019/2/26,93.199997,93.599998,90.199997,90.599998
2019/2/27,90.599998,91.099998,88.199997,89.900002
2019/3/4,91.199997,91.900002,89.800003,90.199997
2019/3/5,89.800003,90.5,89.300003,90
2019/3/6,90,90.900002,89.800003,90.099998
2019/3/7,90.800003,92.900002,88.900002,89
2019/3/8,86.900002,89,86.400002,89
2019/3/11,89,90.699997,88.900002,90.199997
2019/3/12,91.699997,91.900002,89.599998,89.599998
2019/3/13,89.099998,90.099998,89.099998,89.5
2019/3/14,89.5,90.400002,89.5,89.699997
2019/3/15,90.099998,91.699997,89.800003,90.699997
2019/3/18,91.699997,92.599998,91,91.199997
2019/3/19,92,93.900002,91.300003,91.300003
2019/3/20,91.300003,92,90,90.099998
2019/3/21,90.599998,91.699997,90.099998,90.5
2019/3/22,92,92.800003,90.5,90.699997
2019/3/25,89.5,89.699997,87.599998,88
2019/3/26,88.199997,89.300003,88.199997,88.599998
2019/3/27,89.300003,90.900002,89.099998,90.5
2019/3/28,90.699997,91.400002,89.800003,89.800003
2019/3/29,91.599998,92.800003,90.900002,92.800003
2019/4/1,94.800003,96.5,93.400002,94.300003
2019/4/2,95.300003,95.599998,93.599998,93.800003
2019/4/3,94,94.599998,91.800003,93.5
2019/4/8,94,95.5,93.599998,95.099998
2019/4/9,98.5,98.800003,93.900002,94
2019/4/10,94.099998,95.300003,93.5,95.199997
2019/4/11,95.300003,95.800003,93.800003,93.800003
2019/4/12,93.800003,96.199997,93.800003,94.699997
2019/4/15,95.699997,98,94.699997,97.099998
2019/4/16,99.099998,103.5,98.800003,102
2019/4/17,103.5,105.5,100,100
2019/4/18,101.5,103.5,100,100.5
2019/4/19,102.5,103,100.5,103
2019/4/22,102.5,104.5,100.5,102
2019/4/23,102.5,102.5,97,97.5
2019/4/24,98,98,96.5,96.699997
2019/4/25,96.800003,100.5,96.099998,98.300003
2019/4/26,97.199997,97.699997,94.800003,95
2019/4/29,95.199997,96.099998,93,93.5
2019/4/30,90.199997,97,90,96.900002
2019/5/2,95.599998,96.800003,94.699997,94.800003
2019/5/3,95.5,96.900002,95,96.5
2019/5/6,94.5,95,93.5,94
2019/5/7,95.300003,95.699997,94.199997,94.599998
2019/5/8,93.599998,96.300003,93.5,96.300003
2019/5/9,96,96.900002,94,94
2019/5/10,95,95.400002,92.099998,92.800003
2019/5/13,92.199997,92.300003,87.800003,88.599998
2019/5/14,83.900002,88.599998,83.800003,87
2019/5/15,87.900002,89.599998,87.800003,88.800003
2019/5/16,88.199997,89.5,85.099998,85.199997
2019/5/17,85.199997,86.199997,81,81.199997
2019/5/20,82,82,79,79.800003
2019/5/21,79,81.099998,78,81
2019/5/22,80.599998,81.900002,79.5,79.599998
2019/5/23,78.099998,79,77.400002,77.800003
2019/5/24,78.099998,80.300003,77.599998,77.599998
2019/5/27,78,79.5,77.599998,79.5
2019/5/28,80,80.099998,77,77
2019/5/29,76.800003,76.900002,75.699997,76.199997
2019/5/30,77,77.800003,76.699997,77.5
2019/5/31,77.5,79.300003,77.300003,78.699997
2019/6/3,78.400002,78.400002,76.800003,77.900002
2019/6/4,78.5,78.5,77.199997,77.199997
2019/6/5,78.300003,80,78,79
2019/6/6,78,78.699997,77.099998,77.300003
2019/6/10,77.800003,79.099998,77.5,79.099998
2019/6/11,79.300003,82.900002,78.699997,82.699997
2019/6/12,83,83.099998,81.5,82.400002
2019/6/13,82.699997,82.699997,81,82.400002
2019/6/14,82.900002,82.900002,82,82
2019/6/17,82,83.599998,82,82
2019/6/18,82.699997,83,82,82.199997
2019/6/19,85,86.199997,84.099998,85.900002
2019/6/20,85.599998,86.699997,85.199997,85.900002
2019/6/21,86.400002,87,85.199997,85.300003
2019/6/24,85.300003,85.800003,84.199997,85
2019/6/25,85.300003,86,83.199997,83.300003
2019/6/26,83,84.199997,82.900002,83.300003
2019/6/27,84.099998,85.800003,84,85.199997
2019/6/28,85.900002,86.800003,85.300003,86.199997
2019/7/1,89.5,91.300003,88.800003,90.699997
2019/7/2,90.400002,91.800003,89.800003,90.800003
2019/7/3,90.800003,91.099998,89.599998,90.5
2019/7/4,91.300003,92.599998,91.300003,92.400002
2019/7/5,91.599998,92.199997,91.5,92.199997
2019/7/8,91.199997,92.599998,91,91.599998
2019/7/9,91.199997,91.400002,89.199997,89.800003
2019/7/10,90.5,90.699997,90,90.099998
2019/7/11,90.800003,92.300003,90.800003,91.5
2019/7/12,92,92.5,91.699997,92
2019/7/15,92.800003,94.699997,92.800003,94.099998
2019/7/16,94.5,95,94.099998,94.5
2019/7/17,94.699997,95,93.800003,94.900002
2019/7/18,94.900002,95.400002,93,93.199997
2019/7/19,94.199997,94.800003,93.300003,93.300003
2019/7/22,93.699997,95,93.599998,94.599998
2019/7/23,95,95.199997,93.900002,94.599998
2019/7/24,95,95,93.800003,94.099998
2019/7/25,94.300003,95.900002,94.300003,95.800003
2019/7/26,96,96.5,95.300003,96.400002
2019/7/29,91.5,91.599998,89.599998,90
2019/7/30,89.400002,90.400002,86.5,87
2019/7/31,91,95.699997,91,95.699997
2019/8/1,96.5,98,95.400002,95.900002
2019/8/2,92,92.900002,91,91
2019/8/5,91,92.699997,90.099998,90.199997
2019/8/6,88.099998,91.699997,87,91
2019/8/7,93.199997,94.099998,91.199997,91.5
2019/8/8,91.699997,93.199997,91.699997,92.900002
2019/8/12,93.599998,95.199997,93.300003,94.300003
2019/8/13,93.400002,94,92.699997,93.5
2019/8/14,96,96.599998,93.5,93.5
2019/8/15,91.699997,94.300003,91.699997,93.5
2019/8/16,94.699997,95.199997,93.199997,93.699997
2019/8/19,95,95.900002,94.599998,94.699997
2019/8/20,95.900002,97.300003,94.5,94.5
2019/8/21,94.5,95.5,94.5,94.900002
2019/8/22,95.900002,97.400002,95.199997,96
2019/8/23,96.5,97.699997,95.599998,97.699997
2019/8/26,94.599998,95.699997,93.599998,94
2019/8/27,95.800003,96.199997,93.5,93.5
2019/8/28,93.599998,94.300003,92.800003,92.900002
2019/8/29,93.5,93.800003,92.5,93
2019/8/30,93.800003,94.300003,93,93.800003
2019/9/2,93.800003,95,93.199997,94.800003
2019/9/3,95,95.5,93.900002,94.5
2019/9/4,94.5,95.400002,94.300003,94.300003
2019/9/5,95,98.900002,94.800003,98.5
2019/9/6,99.800003,100.5,97.199997,99.400002
2019/9/10,95.699997,96,91.400002,93.199997
2019/9/11,93.900002,94.199997,92.599998,93
2019/9/12,94.5,95.199997,93.800003,95
2019/9/16,94.900002,95.599998,93.900002,94.099998
2019/9/17,94.599998,97.5,94.400002,97.199997
2019/9/18,97.800003,98.199997,96.199997,96.400002
2019/9/19,96.599998,98.5,96.599998,97.300003
2019/9/20,98.300003,98.400002,96.900002,96.900002
2019/9/23,97.199997,97.900002,96.5,97
2019/9/24,98,99.800003,95.699997,95.699997
2019/9/25,95.5,96.5,94.699997,95.699997
2019/9/26,96.699997,96.800003,95.199997,96
2019/9/27,96,96.5,94,94.400002
2019/10/1,95.699997,97.5,95.199997,96.5
2019/10/2,96,97.300003,95.599998,96.699997
2019/10/3,93.099998,95,92.800003,95
2019/10/4,94,94.5,92.5,92.699997
2019/10/7,93.199997,94.5,93.199997,93.699997
2019/10/8,94.900002,95,92.599998,92.599998
2019/10/9,92.099998,92.599998,91.800003,91.800003
2019/10/14,93.599998,94.699997,93.300003,93.599998
2019/10/15,94.5,95.300003,93.800003,94.5
2019/10/16,96,96.400002,94.099998,94.5
2019/10/17,95.400002,95.400002,94.099998,94.800003
2019/10/18,95.300003,96.199997,94.900002,95.599998
2019/10/21,96.199997,97.400002,95.599998,96.900002
2019/10/22,97.699997,97.699997,95.800003,97.300003
2019/10/23,97.5,98,96.800003,97
2019/10/24,96.5,97,95.099998,96.199997
2019/10/25,96.199997,96.800003,95.400002,95.5
2019/10/28,95.900002,98.699997,95.900002,98.199997
2019/10/29,99.800003,100.5,95.900002,96.900002
2019/10/30,97.900002,106,97.800003,105
2019/10/31,109.5,114,108.5,110
2019/11/1,113,114.5,111,113.5
2019/11/4,114,115.5,112.5,115
2019/11/5,115,115.5,113,114.5
2019/11/6,113.5,114.5,111,112
2019/11/7,112,113,107.5,111.5
2019/11/8,111,112.5,108,109.5
2019/11/11,110.5,111.5,108,108
2019/11/12,109,113,107.5,110.5
2019/11/13,109,113.5,108.5,109
2019/11/14,110,110.5,108,109.5
2019/11/15,110.5,112,110,110.5
2019/11/18,112,113.5,111,112.5
2019/11/19,113.5,117.5,113,115.5
2019/11/20,116,117.5,114,114.5
2019/11/21,114.5,117,113.5,115.5
2019/11/22,116,116.5,114,114
2019/11/25,116.5,118.5,114,114
2019/11/26,115,115.5,114,115
2019/11/27,117,117,114.5,115
2019/11/28,116,117.5,113.5,115
2019/11/29,116,116,113,113
2019/12/2,113.5,114.5,107.5,109.5
2019/12/3,110.5,112,108,108.5
2019/12/4,109,110,108,109.5
2019/12/5,110,111.5,108,108.5
2019/12/6,108,109.5,106.5,108.5
2019/12/9,107.5,111,107.5,110
2019/12/10,110,111,109,111
2019/12/11,110.5,111.5,109.5,110.5
2019/12/12,111,111,109,110.5
2019/12/13,111,111.5,108,108
2019/12/16,111,114.5,110.5,113
2019/12/17,114,115.5,114,114.5
2019/12/18,115.5,115.5,114,114.5
2019/12/19,114,114.5,111.5,112.5
2019/12/20,112.5,113.5,111.5,112
2019/12/23,111,112,111,111.5
2019/12/24,112,113.5,111,112
2019/12/25,111.5,113,111,112.5
2019/12/26,112.5,113,111.5,111.5
2019/12/27,111.5,113.5,111.5,113
2019/12/30,113.5,113.5,109.5,110.5
2019/12/31,111.5,114.5,111,114.5
2020/1/2,116.5,125.5,116.5,124
2020/1/3,125,127.5,120.5,123
2020/1/6,122.5,123,119,120.5
2020/1/7,123,124.5,114.5,116.5
2020/1/8,115,115.5,112,113.5
2020/1/9,115,116,114,114
2020/1/10,114.5,117.5,114,115.5
2020/1/13,117.5,120.5,116.5,117
2020/1/14,118,120,116.5,118
2020/1/15,117.5,118,115,116
2020/1/16,116.5,118,115,116.5
2020/1/17,117.5,118.5,117,117.5
2020/1/20,118.5,122,118,118.5
2020/1/30,113,113,107,108
2020/1/31,109.5,111.5,104.5,106
2020/2/3,99.5,107.5,97.900002,107.5
2020/2/4,111,114,109,109
2020/2/5,109.5,110.5,107,107.5
2020/2/6,109.5,110,108,109.5
2020/2/7,109.5,110,107.5,108
2020/2/10,104.5,108,102.5,107
2020/2/11,108.5,112,108,111.5
2020/2/12,122.5,122.5,120,122.5
2020/2/13,126,126.5,122,122
2020/2/14,123.5,125,122,123.5
2020/2/17,122,124.5,120.5,124.5
2020/2/18,124.5,124.5,118,118.5
2020/2/19,120,121.5,118,119
2020/2/20,120.5,122,119,121.5
2020/2/21,121.5,122,119.5,120
2020/2/24,118,119,117,118
2020/2/25,116,119,115.5,119
2020/2/26,117.5,119,116.5,116.5
2020/2/27,117,117.5,112,113.5
2020/3/2,108.5,115,108.5,114
2020/3/3,117.5,120,117,117.5
2020/3/4,117.5,117.5,114.5,116
2020/3/5,118,119.5,117,119.5
2020/3/6,119,119,117,117
2020/3/9,115.5,115.5,111,111.5
2020/3/10,108,114.5,107.5,113.5
2020/3/11,115,116.5,113,113
2020/3/12,111,111,102,103.5
2020/3/13,94,99.5,93.199997,97.800003
2020/3/16,96.800003,99.599998,94,94
2020/3/17,90,94,89.699997,89.800003
2020/3/18,91.800003,91.900002,87,87
2020/3/19,85.099998,86.199997,78.800003,79.5
2020/3/20,86.800003,87.400002,85.300003,87.199997
2020/3/23,82.5,85.400002,81.900002,83.699997
2020/3/24,89.599998,91.699997,88.699997,91
2020/3/25,94.800003,97.300003,93.699997,94.300003
2020/3/26,94.300003,96.800003,92.400002,96.5
2020/3/27,99,99.699997,95.5,95.5
2020/3/30,93,96.699997,92.900002,96.199997
2020/3/31,97.199997,97.5,94,95.400002
2020/4/1,93,93.800003,91.5,93
2020/4/6,92.599998,93.599998,90,91.099998
2020/4/7,92.599998,95.599998,92.099998,95.599998
2020/4/8,96.699997,104,96,100
2020/4/9,101,102.5,97.699997,98
2020/4/10,98.300003,98.800003,96,98.199997
2020/4/13,97.699997,99.699997,96.5,97.800003
2020/4/14,99,102,98.300003,101.5
2020/4/15,103,103.5,101,102.5
2020/4/16,100.5,103.5,100.5,103
2020/4/17,105,106,102,103
2020/4/20,103.5,104,102,103.5
2020/4/21,103.5,104.5,100.5,101
2020/4/22,100,102,98.5,101
2020/4/23,102,106,102,106
2020/4/24,105,106,103,105.5
2020/4/27,108,111,107,110.5
2020/4/28,109.5,112,107,112
2020/4/29,108,109.5,105.5,108.5
2020/4/30,109,110,107,108.5
2020/5/4,105,108.5,104,105.5
2020/5/5,106.5,108.5,105,105.5
2020/5/6,106.5,107,105,106.5
2020/5/7,106.5,110,106.5,109
2020/5/8,110.5,111,108,108
2020/5/11,109.5,111.5,108.5,110
2020/5/12,110.5,111.5,108,109
2020/5/13,108,109,106.5,107
2020/5/14,106.5,108.5,104.5,104.5
2020/5/15,106,107,101.5,103.5
2020/5/18,103,104,100.5,100.5
2020/5/19,103,103.5,101,101.5
2020/5/20,102.5,103.5,101.5,101.5
2020/5/21,102.5,106,102.5,105.5
2020/5/22,105.5,106.5,103.5,103.5
2020/5/25,104.5,106,102.5,106
2020/5/26,106.5,109,106,108
2020/5/27,108,109,107,107.5
2020/5/28,108,108.5,106.5,106.5
2020/5/29,106.5,108.5,106.5,108.5
2020/6/1,110,112.5,109,111.5
2020/6/2,113.5,114,111.5,113
2020/6/3,115.5,116.5,113,115.5
2020/6/4,116.5,120,116,118
2020/6/5,118.5,121,117,118
2020/6/8,119,120,117.5,120
2020/6/9,122,123,117,117
2020/6/10,117,118.5,115.5,118
2020/6/11,116,117.5,114,114
2020/6/12,110,114.5,109.5,114.5
2020/6/15,114,114.5,113,113
2020/6/16,117,117,115,116
2020/6/17,116,116,113.5,114.5
2020/6/18,115,118.5,114,118
2020/6/19,119.5,120,116.5,120
2020/6/22,120.5,121,118,119
2020/6/23,119,119.5,116.5,118
2020/6/24,118.5,121,118.5,120.5
2020/6/29,119,120,117.5,118.5
2020/6/30,121,122,119,121.5
2020/7/1,123,132,122.5,126
2020/7/2,126.5,130,125,129.5
2020/7/3,133,138.5,131,136
2020/7/6,138,143,137,141.5
2020/7/7,140,141.5,135,136
2020/7/8,136,140.5,136,139
2020/7/9,139.5,147,139,143.5
2020/7/10,143.5,145,137.5,139.5
2020/7/13,141.5,143,139,140
2020/7/14,140,144.5,138,140
2020/7/15,143,146.5,141,142.5
2020/7/16,143,145,139.5,141.5
2020/7/17,142.5,143.5,139.5,141.5
2020/7/20,144,144,140,143.5
2020/7/21,145,149,144,145.5
2020/7/22,144.5,146,143.5,146
2020/7/23,146,151.5,145,149.5
2020/7/24,148.5,150.5,143.5,144.5
2020/7/27,146,150,144,148.5
2020/7/28,150.5,151,146,149
2020/7/29,151.5,153,148.5,150
2020/7/30,133,143,131,137
2020/7/31,137,142.5,137,141.5
2020/8/3,141.5,142.5,136,136
2020/8/4,138,139,134,138.5
2020/8/5,138.5,140,137.5,138.5
2020/8/6,139.5,140,135,136
2020/8/7,137,139.5,136.5,138.5
2020/8/10,138,138,133,133.5
2020/8/11,133.5,137.5,133,137.5
2020/8/12,136,139,135,138.5
2020/8/13,139,139.5,134,135.5
2020/8/14,135.5,138,134,137.5
2020/8/17,138,138.5,135,135.5
2020/8/18,136.5,137,132,133
2020/8/19,133.5,134,131,131
2020/8/20,131,131,119.5,121.5
2020/8/21,125,129.5,124.5,126
2020/8/24,128.5,130.5,126.5,128.5
2020/8/25,130,131.5,128.5,129.5
2020/8/26,129.5,130,128.5,129.5
2020/8/27,129.5,130,126.5,126.5
2020/8/28,126,128,125,127
2020/8/31,128,130,125.5,126
2020/9/1,126.5,128.5,123.5,128
2020/9/2,129,129,126,127.5
2020/9/3,129,129.5,126,127.5
2020/9/4,124.5,125.5,123.5,125
2020/9/7,125,126,122,122
2020/9/8,122.5,123,119,119.5
2020/9/9,118,122.5,117.5,122.5
2020/9/10,123,125,119,119.5
2020/9/11,120,121,117,121
2020/9/14,122,125,120.5,124.5
2020/9/15,124.5,129,124,128
2020/9/16,130,131,126,127
2020/9/17,126.5,127.5,125,126
2020/9/18,126,127.5,125,127.5
2020/9/21,128,128,125,125
2020/9/22,124.5,126.5,122,124.5
2020/9/23,125.5,126,122.5,124.5
2020/9/24,123,124,122,123
2020/9/25,123.5,124,118,119.5
2020/9/28,121.5,122.5,119.5,121.5
2020/9/29,123,123,121,121.5
2020/9/30,121.5,122,119.5,121.5
2020/10/5,121,123,120,120.5
2020/10/6,121.5,125,121.5,124
2020/10/7,124,124.5,123,124.5
2020/10/8,126,126,124,124.5
2020/10/12,125.5,125.5,122,122
2020/10/13,122,125.5,122,125
2020/10/14,124,124,120,120.5
2020/10/15,120,121,118.5,119.5
2020/10/16,119.5,121,119,119.5
2020/10/19,120,124.5,119.5,124
2020/10/20,123.5,125,123,123.5
2020/10/21,123.5,125,122.5,123
2020/10/22,123,124,119.5,120
2020/10/23,121,123,120,122
2020/10/26,122,122.5,120.5,122
2020/10/27,121,123.5,120.5,122.5
2020/10/28,122.5,123,120.5,121.5
2020/10/29,119,122,118.5,122
2020/10/30,118,119,116,116.5
2020/11/2,116.5,117,112.5,113
2020/11/3,114.5,116,113.5,114.5
2020/11/4,115.5,117,114.5,116
2020/11/5,116,116.5,114.5,115
2020/11/6,116,118.5,115,118.5
2020/11/9,119.5,120.5,118,118.5
2020/11/10,119,119,115,115.5
2020/11/11,115.5,118.5,115.5,118
2020/11/12,120,120,118,118.5
2020/11/13,118,118.5,116,116.5
2020/11/16,117.5,120,117.5,117.5
2020/11/17,118,119,116,117
2020/11/18,116.5,117,114,114.5
2020/11/19,113.5,114.5,113,114
2020/11/20,114,116,113,114
2020/11/23,114.5,115.5,113.5,114.5
2020/11/24,115,117,114.5,115.5
2020/11/25,116.5,117.5,115.5,116.5
2020/11/26,117,118,115.5,117
2020/11/27,117,118,116,117.5
2020/11/30,118.5,121.5,117.5,120
2020/12/1,121.5,122.5,119.5,122.5
2020/12/2,123.5,123.5,121,122.5
2020/12/3,123.5,124,121,121.5
2020/12/4,121.5,122,120,121
2020/12/7,123,123.5,119.5,121.5
2020/12/8,123,124.5,122,123.5
2020/12/9,124,125,122,122.5
2020/12/10,122,122,119,120
2020/12/11,120.5,121,116,117
2020/12/14,117.5,118,115.5,117
2020/12/15,117,117,113,113.5
2020/12/16,115,118.5,115,118.5
2020/12/17,117.5,119,116.5,118
2020/12/18,118.5,121,118.5,120
2020/12/21,120,120.5,118,119
2020/12/22,119.5,119.5,116,117.5
2020/12/23,118.5,119,117,118.5
2020/12/24,119.5,121,119,119.5
2020/12/25,121,121.5,118.5,119.5
2020/12/28,119.5,120,119,119.5
2020/12/29,120.5,122.5,120,120
2020/12/30,121,121.5,120,121
2020/12/31,121,121.5,120,121
2021/1/4,121,124,120.5,123
2021/1/5,123,123,121,123
2021/1/6,124,126,122,122.5
2021/1/7,124,125,122.5,124
2021/1/8,124.5,125,122,122.5
2021/1/11,123,123.5,121,122.5
2021/1/12,122.5,122.5,119,119
2021/1/13,120,122.5,119.5,120
2021/1/14,120,125,120,124.5
2021/1/15,124.5,125,120,120.5
2021/1/18,119.5,120.5,117,120
2021/1/19,120,120.5,118,118.5
2021/1/20,118,118.5,113.5,113.5
2021/1/21,117.5,122,117,120
2021/1/22,120,124,119,121
2021/1/25,121.5,123.5,120,123
2021/1/26,124.5,125.5,121.5,121.5
2021/1/27,123,124,122.5,123
2021/1/28,120,123,120,121.5
2021/1/29,121.5,121.5,118.5,119
2021/2/1,119,119,115.5,117.5
2021/2/2,118.5,120,118,118
2021/2/3,119,119.5,118,118.5
2021/2/4,118,122.5,117.5,122
2021/2/5,123,123.5,121.5,122.5
2021/2/17,125,125,122.5,124.5
2021/2/18,125,126,122.5,125
2021/2/19,124,134,124,132
2021/2/22,131.5,132,128,129.5
2021/2/23,128.5,129,126.5,128
2021/2/24,129,131,127,127.5
2021/2/25,129,131,128,128
2021/2/26,126,127.5,125.5,126
2021/3/2,127.5,128,123.5,123.5
2021/3/3,0,0,0,0
2021/3/4,0,0,0,0
2021/3/5,0,0,0,0
2021/3/8,0,0,0,0
2021/3/9,0,0,0,0
2021/3/10,0,0,0,0
2021/3/11,0,0,0,0
2021/3/12,0,0,0,0
2021/3/15,0,0,0,0
2021/3/16,0,0,0,0
2021/3/17,0,0,0,0
2021/3/18,0,0,0,0
2021/3/19,0,0,0,0
2021/3/22,0,0,0,0
2021/3/23,0,0,0,0
2021/3/24,0,0,0,0
2021/3/25,0,0,0,0
2021/3/26,0,0,0,0
2021/3/29,0,0,0,0
2021/3/30,0,0,0,0
2021/3/31,0,0,0,0
2021/4/1,0,0,0,0
2021/4/2,0,0,0,0
