Date,SI_Open,SI_High,SI_Low,SI_Close,Open,High,Low,Close
2019/1/2,9725.269531,9737.679688,9542.519531,9554.139648,75.099998,75.699997,74.699997,75.300003
2019/1/3,9494.25,9554.530273,9474.469727,9492.419922,75,75.199997,69,70.599998
2019/1/4,9427.240234,9427.240234,9319.280273,9382.509766,69,70.5,66.900002,70
2019/1/7,9460.200195,9596.349609,9460.200195,9590.299805,71.699997,72.099998,70.599998,71
2019/1/8,9591.55957,9600.94043,9547.629883,9563.599609,70.300003,70.5,68.300003,68.800003
2019/1/9,9584.629883,9741.639648,9584.629883,9738.30957,67.400002,70.5,66.800003,70
2019/1/10,9731.110352,9731.110352,9683.200195,9720.69043,69.300003,69.900002,68.300003,68.300003
2019/1/11,9753.629883,9796.980469,9736,9759.400391,68.300003,69.199997,68.199997,68.5
2019/1/14,9737.669922,9762.370117,9677.490234,9708.219727,69,70.199997,68.800003,69.599998
2019/1/15,9701.929688,9806.040039,9701.929688,9806.040039,69.400002,70.199997,69.099998,69.800003
2019/1/16,9781.349609,9803.990234,9763.80957,9763.80957,69.800003,71.599998,69.599998,70.400002
2019/1/17,9773.30957,9826.25,9759.509766,9789.150391,71.199997,73.599998,70.699997,73
2019/1/18,9781.389648,9842.799805,9771.150391,9836.05957,72,75.900002,72,74.800003
2019/1/21,9870.269531,9919.94043,9870.269531,9889.400391,74.900002,75.599998,73.599998,73.900002
2019/1/22,9880.540039,9894.660156,9855.469727,9894.660156,74,74.5,72.099998,72.099998
2019/1/23,9869.540039,9873.389648,9828.030273,9846.400391,72.599998,73.5,71.800003,72.400002
2019/1/24,9865,9892.820313,9847.320313,9877.120117,72.5,73.199997,71.599998,71.800003
2019/1/25,9923.389648,9980.080078,9918.209961,9969.610352,72,73.599998,72,73.199997
2019/1/28,10006.45996,10020.59961,9990.070313,10013.33008,73.400002,74.900002,73.099998,73.5
2019/1/29,9944.709961,9952.339844,9893.959961,9931.589844,73.400002,74.699997,72.599998,74.5
2019/1/30,9915.969727,9959.030273,9909.80957,9932.259766,74.599998,75.300003,74.300003,75.199997
2019/2/11,10029.83984,10065.51953,9988.830078,10004.25,76,78,75.599998,78
2019/2/12,10032.08008,10100.23047,10032.08008,10097.74023,77.900002,80,77.900002,79
2019/2/13,10123.61035,10140.98047,10074.33984,10090.58008,79.400002,79.400002,77.300003,77.800003
2019/2/14,10095.99023,10135.62012,10082,10089.00977,77.900002,80.300003,77.900002,80.199997
2019/2/15,10111.17969,10135.16016,10055.5,10064.78027,85.5,88.199997,85,88.199997
2019/2/18,10096.94043,10165.76953,10096.94043,10145.28027,89.5,90.400002,88.699997,90.400002
2019/2/19,10152.11035,10173.46973,10143.15039,10152.25977,89.300003,90.5,88.800003,90.5
2019/2/20,10181.94043,10272.45996,10181.94043,10272.45996,91,94.599998,90.800003,91.300003
2019/2/21,10282.32031,10319.53027,10256.53027,10319.53027,92.599998,92.800003,90.099998,92.800003
2019/2/22,10309.01953,10322.91992,10269.9502,10322.91992,92.400002,93.300003,91.800003,92.5
2019/2/25,10343.4502,10390.92969,10343.4502,10390.92969,92.699997,93.599998,91.900002,92.599998
2019/2/26,10403.03027,10416.91016,10368.86035,10391.54981,93.199997,93.599998,90.199997,90.599998
2019/2/27,10385.80957,10403.04981,10343.55957,10389.16992,90.599998,91.099998,88.199997,89.900002
2019/3/4,10385.25,10402.38965,10313.17969,10349.87988,91.199997,91.900002,89.800003,90.199997
2019/3/5,10323.25,10334.33984,10295.44043,10305.25977,89.800003,90.5,89.300003,90
2019/3/6,10328.17969,10359.12012,10327.90039,10357.15039,90,90.900002,89.800003,90.099998
2019/3/7,10359.46973,10367.98047,10299.45996,10311.67969,90.800003,92.900002,88.900002,89
2019/3/8,10274.28027,10274.28027,10204.20996,10241.75,86.900002,89,86.400002,89
2019/3/11,10224.26953,10269.29981,10214.01953,10250.28027,89,90.699997,88.900002,90.199997
2019/3/12,10294.37012,10382.12012,10294.37012,10343.33008,91.699997,91.900002,89.599998,89.599998
2019/3/13,10331.26953,10373.32031,10331.26953,10373.32031,89.099998,90.099998,89.099998,89.5
2019/3/14,10391.29981,10407.26953,10339.63965,10348.65039,89.5,90.400002,89.5,89.699997
2019/3/15,10374.66016,10439.24023,10370,10439.24023,90.099998,91.699997,89.800003,90.699997
2019/3/18,10455.19043,10512.7002,10445.74023,10512.7002,91.699997,92.599998,91,91.199997
2019/3/19,10497.40039,10525.59961,10484.69043,10512.32031,92,93.900002,91.300003,91.300003
2019/3/20,10529.29981,10556.80957,10506.95996,10551.55957,91.300003,92,90,90.099998
2019/3/21,10563.92969,10612.33984,10551.66992,10609.54981,90.599998,91.699997,90.099998,90.5
2019/3/22,10642.57031,10667.94043,10589.46973,10639.07031,92,92.800003,90.5,90.699997
2019/3/25,10535.12012,10535.12012,10458.79004,10479.48047,89.5,89.699997,87.599998,88
2019/3/26,10506.67969,10559.2002,10506.67969,10559.2002,88.199997,89.300003,88.199997,88.599998
2019/3/27,10542.67969,10556.75,10517.66016,10542.7002,89.300003,90.900002,89.099998,90.5
2019/3/28,10529.01953,10536.25977,10499.29004,10536.25977,90.699997,91.400002,89.800003,89.800003
2019/3/29,10551.99023,10641.04004,10525.26953,10641.04004,91.599998,92.800003,90.900002,92.800003
2019/4/1,10714.67969,10735.07031,10627.00977,10642.62988,94.800003,96.5,93.400002,94.300003
2019/4/2,10695.46973,10728.37988,10685.09961,10690.29981,95.300003,95.599998,93.599998,93.800003
2019/4/3,10725.16992,10741.55957,10690.23047,10704.37988,94,94.599998,91.800003,93.5
2019/4/8,10759.95996,10807.04981,10759.95996,10800.57031,94,95.5,93.599998,95.099998
2019/4/9,10805.38965,10851.59961,10793.76953,10851.59961,98.5,98.800003,93.900002,94
2019/4/10,10839.92969,10875.65039,10815.61035,10868.13965,94.099998,95.300003,93.5,95.199997
2019/4/11,10869.24023,10887.12012,10797.75977,10808.76953,95.300003,95.800003,93.800003,93.800003
2019/4/12,10820.94043,10836.44043,10782.01953,10805.29981,93.800003,96.199997,93.800003,94.699997
2019/4/15,10849.83984,10897.20996,10849.54981,10875.59961,95.699997,98,94.699997,97.099998
2019/4/16,10905.62988,10927.84961,10876.33984,10927.84961,99.099998,103.5,98.800003,102
2019/4/17,10961.61035,11016.91992,10961.61035,10997.25977,103.5,105.5,100,100
2019/4/18,11038.24023,11077.99023,10926.84961,10962.01953,101.5,103.5,100,100.5
2019/4/19,11017.69043,11045.08008,10950.42969,10968.5,102.5,103,100.5,103
2019/4/22,10994.51953,11027.49023,10974.82031,10987.70996,102.5,104.5,100.5,102
2019/4/23,10994.28027,11025.67969,10949.29981,11025.67969,102.5,102.5,97,97.5
2019/4/24,11054.01953,11070.84961,10995.83008,11027.63965,98,98,96.5,96.699997
2019/4/25,11017.73047,11046.76953,11006.67969,11039.86035,96.800003,100.5,96.099998,98.300003
2019/4/26,10986.53027,10986.53027,10906.44043,10952.46973,97.199997,97.699997,94.800003,95
2019/4/29,10952.91016,10992.54981,10905.78027,10939.05957,95.199997,96.099998,93,93.5
2019/4/30,10945.94043,10978.09961,10910.78027,10967.73047,90.199997,97,90,96.900002
2019/5/2,10992.75977,11046.63965,10988.7002,11004.49023,95.599998,96.800003,94.699997,94.800003
2019/5/3,11037.99023,11097,11018.86035,11096.29981,95.5,96.900002,95,96.5
2019/5/6,11005.36035,11005.36035,10870.40039,10897.12012,94.5,95,93.5,94
2019/5/7,10913.9502,11004.75977,10913.9502,10987.13965,95.300003,95.699997,94.199997,94.599998
2019/5/8,10938.46973,10946.82031,10867.05957,10923.70996,93.599998,96.300003,93.5,96.300003
2019/5/9,10910.46973,10910.46973,10732.96973,10733.66992,96,96.900002,94,94
2019/5/10,10751.54981,10834.69043,10669.38965,10712.99023,95,95.400002,92.099998,92.800003
2019/5/13,10684.04004,10693.44043,10549.05957,10558.29004,92.199997,92.300003,87.800003,88.599998
2019/5/14,10480.20996,10544.96973,10363.01953,10519.25,83.900002,88.599998,83.800003,87
2019/5/15,10535.24023,10612.5,10535.24023,10560.70996,87.900002,89.599998,87.800003,88.800003
2019/5/16,10556.58008,10573.92969,10474.61035,10474.61035,88.199997,89.5,85.099998,85.199997
2019/5/17,10508.55957,10564.96973,10384.11035,10384.11035,85.199997,86.199997,81,81.199997
2019/5/20,10405.36035,10465.83984,10385.17969,10398.41016,82,82,79,79.800003
2019/5/21,10362.34961,10477.2002,10342.32031,10464.5,79,81.099998,78,81
2019/5/22,10481.09961,10520.62012,10453.5,10457.21973,80.599998,81.900002,79.5,79.599998
2019/5/23,10404,10404,10289.69043,10308.37012,78.099998,79,77.400002,77.800003
2019/5/24,10313.15039,10370.96973,10308.58984,10328.28027,78.099998,80.300003,77.599998,77.599998
2019/5/27,10344.17969,10365.44043,10305.28027,10334.12988,78,79.5,77.599998,79.5
2019/5/28,10348.58008,10361.61035,10312.30957,10312.30957,80,80.099998,77,77
2019/5/29,10277.34961,10307.75,10227.44043,10301.78027,76.800003,76.900002,75.699997,76.199997
2019/5/30,10307.12012,10384.36035,10306.03027,10382.99023,77,77.800003,76.699997,77.5
2019/5/31,10386.12012,10515.09961,10369.01953,10498.49023,77.5,79.300003,77.300003,78.699997
2019/6/3,10482.4502,10511.2002,10383.50977,10500.07031,78.400002,78.400002,76.800003,77.900002
2019/6/4,10499.50977,10518.33008,10421.80957,10429.12012,78.5,78.5,77.199997,77.199997
2019/6/5,10497.5,10541.29004,10446.50977,10461.62012,78.300003,80,78,79
2019/6/6,10409.90039,10429.33008,10371.08008,10409.2002,78,78.699997,77.099998,77.300003
2019/6/10,10486.23047,10566.46973,10466.24023,10566.46973,77.800003,79.099998,77.5,79.099998
2019/6/11,10567.54004,10637.90039,10548.05957,10607.75977,79.300003,82.900002,78.699997,82.699997
2019/6/12,10605.75,10630.69043,10566.37012,10615.66016,83,83.099998,81.5,82.400002
2019/6/13,10582.19043,10617.05957,10539.49023,10561.00977,82.699997,82.699997,81,82.400002
2019/6/14,10546.41992,10568.91992,10517.82031,10524.66992,82.900002,82.900002,82,82
2019/6/17,10488.7002,10562.96973,10474.19043,10530.54004,82,83.599998,82,82
2019/6/18,10547.15039,10573.76953,10521.7002,10566.74023,82.699997,83,82,82.199997
2019/6/19,10650.48047,10778.63965,10650.48047,10775.33984,85,86.199997,84.099998,85.900002
2019/6/20,10749.41016,10799.13965,10745.25,10785.00977,85.599998,86.699997,85.199997,85.900002
2019/6/21,10817.70996,10840.29004,10773.46973,10803.76953,86.400002,87,85.199997,85.300003
2019/6/24,10734.25,10786.33008,10695.49023,10779.4502,85.300003,85.800003,84.199997,85
2019/6/25,10777.17969,10787.62012,10693.04004,10706.71973,85.300003,86,83.199997,83.300003
2019/6/26,10661.38965,10690.98047,10645.37012,10652.54981,83,84.199997,82.900002,83.300003
2019/6/27,10674.2002,10800.29004,10674.2002,10773.90039,84.099998,85.800003,84,85.199997
2019/6/28,10786.66016,10788.08008,10719.08008,10730.83008,85.900002,86.800003,85.300003,86.199997
2019/7/1,10821.29981,10914.84961,10821.29981,10895.45996,89.5,91.300003,88.800003,90.699997
2019/7/2,10878.00977,10888.20996,10843.63965,10865.12012,90.400002,91.800003,89.800003,90.800003
2019/7/3,10793.09961,10812.65039,10720.66016,10743.76953,90.800003,91.099998,89.599998,90.5
2019/7/4,10755.87012,10791.28027,10750.90039,10775.90039,91.300003,92.599998,91.300003,92.400002
2019/7/5,10785.84961,10812.37988,10756.66992,10785.73047,91.599998,92.199997,91.5,92.199997
2019/7/8,10742.80957,10781.11035,10708.91992,10751.21973,91.199997,92.599998,91,91.599998
2019/7/9,10729.83008,10733.57031,10680.84961,10702.78027,91.199997,91.400002,89.199997,89.800003
2019/7/10,10723.23047,10810.16016,10723.23047,10798.48047,90.5,90.699997,90,90.099998
2019/7/11,10817.59961,10856.50977,10799.65039,10843.41992,90.800003,92.300003,90.800003,91.5
2019/7/12,10855.16016,10867.58984,10823.88965,10824.34961,92,92.5,91.699997,92
2019/7/15,10819.91992,10880.55957,10769.57031,10876.42969,92.800003,94.699997,92.800003,94.099998
2019/7/16,10865,10899.83984,10865,10886.04981,94.5,95,94.099998,94.5
2019/7/17,10861.11035,10861.11035,10804.33984,10828.48047,94.699997,95,93.800003,94.900002
2019/7/18,10821.91992,10835.42969,10792.26953,10799.28027,94.900002,95.400002,93,93.199997
2019/7/19,10861.99023,10919.95996,10861.99023,10873.19043,94.199997,94.800003,93.300003,93.300003
2019/7/22,10910.5,10949.75977,10909.15039,10944.53027,93.699997,95,93.599998,94.599998
2019/7/23,10963.86035,10994.44043,10932.53027,10947.25977,95,95.199997,93.900002,94.599998
2019/7/24,10969.74023,10976.45996,10912.91992,10935.75977,95,95,93.800003,94.099998
2019/7/25,10892.25,10945.91992,10879.40039,10941.41016,94.300003,95.900002,94.300003,95.800003
2019/7/26,10898.25,10907.44043,10879.24023,10891.98047,96,96.5,95.300003,96.400002
2019/7/29,10872.62988,10905.74023,10863.33008,10885.73047,91.5,91.599998,89.599998,90
2019/7/30,10909.98047,10927.16016,10827.74023,10830.90039,89.400002,90.400002,86.5,87
2019/7/31,10824.15039,10835.79981,10754.07031,10823.80957,91,95.699997,91,95.699997
2019/8/1,10773.05957,10773.25,10714.73047,10731.75,96.5,98,95.400002,95.900002
2019/8/2,10641.28027,10641.28027,10524.67969,10549.04004,92,92.900002,91,91
2019/8/5,10528.87012,10542.49023,10418.25,10423.41016,91,92.699997,90.099998,90.199997
2019/8/6,10304.87988,10425.59961,10180.04004,10394.75,88.099998,91.699997,87,91
2019/8/7,10422.88965,10461.37012,10366.54004,10386.17969,93.199997,94.099998,91.199997,91.5
2019/8/8,10383.62012,10500.76953,10383.62012,10494.49023,91.699997,93.199997,91.699997,92.900002
2019/8/12,10491.79004,10514.04981,10440.76953,10472.36035,93.599998,95.199997,93.300003,94.300003
2019/8/13,10436.62012,10436.62012,10361.88965,10362.66016,93.400002,94,92.699997,93.5
2019/8/14,10444.5,10518.01953,10427.73047,10427.73047,96,96.599998,93.5,93.5
2019/8/15,10374.75,10374.75,10287.75977,10327.12988,91.699997,94.300003,91.699997,93.5
2019/8/16,10345.41992,10456.32031,10318.37012,10420.88965,94.699997,95.199997,93.199997,93.699997
2019/8/19,10449.38965,10516.04981,10449.38965,10488.75,95,95.900002,94.599998,94.699997
2019/8/20,10508.41992,10538.12012,10497.12988,10522.5,95.900002,97.300003,94.5,94.5
2019/8/21,10526.87012,10545.25,10504.49023,10525.79981,94.5,95.5,94.5,94.900002
2019/8/22,10560.00977,10596.41016,10515.71973,10529.78027,95.900002,97.400002,95.199997,96
2019/8/23,10526.15039,10541.73047,10503.07031,10538.11035,96.5,97.699997,95.599998,97.699997
2019/8/26,10453.40039,10453.40039,10340.15039,10354.57031,94.599998,95.699997,93.599998,94
2019/8/27,10386.20996,10431.78027,10368.95996,10387.23047,95.800003,96.199997,93.5,93.5
2019/8/28,10397.59961,10456.29981,10397.59961,10434.29004,93.599998,94.300003,92.800003,92.900002
2019/8/29,10440.15039,10466.99023,10406.49023,10462.42969,93.5,93.800003,92.5,93
2019/8/30,10504.28027,10618.04981,10504.28027,10618.04981,93.800003,94.300003,93,93.800003
2019/9/2,10613.19043,10634.84961,10589.41992,10634.84961,93.800003,95,93.199997,94.800003
2019/9/3,10629.21973,10650.15039,10557.03027,10558.20996,95,95.5,93.900002,94.5
2019/9/4,10566.32031,10670.42969,10566.32031,10657.30957,94.5,95.400002,94.300003,94.300003
2019/9/5,10718.40039,10766.59961,10714.26953,10756.92969,95,98.900002,94.800003,98.5
2019/9/6,10783.45996,10803.07031,10753.4502,10780.63965,99.800003,100.5,97.199997,99.400002
2019/9/10,10791.9502,10810.03027,10732.78027,10753.58008,95.699997,96,91.400002,93.199997
2019/9/11,10787.65039,10815.58984,10746.87012,10790.34961,93.900002,94.199997,92.599998,93
2019/9/12,10830.25,10862.67969,10804.01953,10827.54981,94.5,95.199997,93.800003,95
2019/9/16,10822.69043,10898.12988,10822.69043,10898.12988,94.900002,95.599998,93.900002,94.099998
2019/9/17,10908.84961,10912.23047,10866.42969,10874.5,94.599998,97.5,94.400002,97.199997
2019/9/18,10887.41992,10971.54004,10878.33984,10929.4502,97.800003,98.199997,96.199997,96.400002
2019/9/19,10947.62012,10954.17969,10874.66016,10894.7002,96.599998,98.5,96.599998,97.300003
2019/9/20,10908.09961,10931.75977,10903.4502,10929.69043,98.300003,98.400002,96.900002,96.900002
2019/9/23,10924.80957,10948.19043,10905.91992,10919.01953,97.199997,97.900002,96.5,97
2019/9/24,10917.44043,10947.53027,10886.62012,10918.00977,98,99.800003,95.699997,95.699997
2019/9/25,10885.66992,10885.66992,10825.84961,10873.69043,95.5,96.5,94.699997,95.699997
2019/9/26,10909.57031,10934.91016,10856.95996,10871.99023,96.699997,96.800003,95.199997,96
2019/9/27,10904,10921.16992,10827.61035,10829.67969,96,96.5,94,94.400002
2019/10/1,10855.59961,10967.65039,10855.59961,10967.65039,95.699997,97.5,95.199997,96.5
2019/10/2,10945.91992,10965.2002,10927.38965,10947.87988,96,97.300003,95.599998,96.699997
2019/10/3,10866.5,10888.40039,10809.28027,10875.91016,93.099998,95,92.800003,95
2019/10/4,10907.69043,10941.49023,10854.12012,10894.48047,94,94.5,92.5,92.699997
2019/10/7,10932.24023,10954.4502,10919.42969,10935.05957,93.199997,94.5,93.199997,93.699997
2019/10/8,10986.00977,11020.50977,10986.00977,11017.30957,94.900002,95,92.599998,92.599998
2019/10/9,10976.92969,10989.38965,10889.95996,10889.95996,92.099998,92.599998,91.800003,91.800003
2019/10/14,11004.74023,11085.49023,11004.74023,11066.9502,93.599998,94.699997,93.300003,93.599998
2019/10/15,11103.5,11126.4502,11091.29004,11111.79981,94.5,95.300003,93.800003,94.5
2019/10/16,11166.16992,11180.11035,11113.17969,11162.83008,96,96.400002,94.099998,94.5
2019/10/17,11156.13965,11186.87988,11131.4502,11186.87988,95.400002,95.400002,94.099998,94.800003
2019/10/18,11190.20996,11237.37988,11154.86035,11180.21973,95.300003,96.199997,94.900002,95.599998
2019/10/21,11166.24023,11188.12988,11147.86035,11184.15039,96.199997,97.400002,95.599998,96.900002
2019/10/22,11221.19043,11271.25,11218.25,11271.25,97.699997,97.699997,95.800003,97.300003
2019/10/23,11266.17969,11281.12012,11209.09961,11239.66992,97.5,98,96.800003,97
2019/10/24,11266.83984,11320.13965,11254.58984,11320.13965,96.5,97,95.099998,96.199997
2019/10/25,11336.63965,11347.17969,11281.37012,11296.12012,96.199997,96.800003,95.400002,95.5
2019/10/28,11321.99023,11341.03027,11295.44043,11315.01953,95.900002,98.699997,95.900002,98.199997
2019/10/29,11347.38965,11373.9502,11292.83008,11333.87012,99.800003,100.5,95.900002,96.900002
2019/10/30,11336.96973,11380.28027,11306.9502,11380.28027,97.900002,106,97.800003,105
2019/10/31,11393.67969,11428.41992,11358.70996,11358.70996,109.5,114,108.5,110
2019/11/1,11373.7002,11399.53027,11335.50977,11399.53027,113,114.5,111,113.5
2019/11/4,11451.71973,11559.07031,11451.71973,11556.84961,114,115.5,112.5,115
2019/11/5,11576.17969,11644.03027,11576.17969,11644.03027,115,115.5,113,114.5
2019/11/6,11645.08008,11668.2002,11601.7002,11653.07031,113.5,114.5,111,112
2019/11/7,11642.91016,11647.46973,11552.08008,11606.55957,112,113,107.5,111.5
2019/11/8,11620.88965,11642.41016,11561.30957,11579.54004,111,112.5,108,109.5
2019/11/11,11570.33008,11570.33008,11409.83008,11427.28027,110.5,111.5,108,108
2019/11/12,11463.33008,11520.37012,11459.67969,11520.37012,109,113,107.5,110.5
2019/11/13,11483.24023,11509.37012,11439.08984,11467.83008,109,113.5,108.5,109
2019/11/14,11488.74023,11498.25,11424.76953,11450.41992,110,110.5,108,109.5
2019/11/15,11485.45996,11552.25,11485.45996,11525.59961,110.5,112,110,110.5
2019/11/18,11543.79981,11599.78027,11532.96973,11599.78027,112,113.5,111,112.5
2019/11/19,11608.48047,11656.40039,11576.79004,11656.40039,113.5,117.5,113,115.5
2019/11/20,11645.73047,11649.07031,11591.73047,11631.2002,116,117.5,114,114.5
2019/11/21,11573.83984,11573.83984,11478.42969,11558.26953,114.5,117,113.5,115.5
2019/11/22,11556.75,11577.01953,11534.15039,11566.79981,116,116.5,114,114
2019/11/25,11590.80957,11604.75,11559.33008,11561.58008,116.5,118.5,114,114
2019/11/26,11608.37012,11642.95996,11576.82031,11576.82031,115,115.5,114,115
2019/11/27,11590.80957,11651.73047,11590.80957,11647.45996,117,117,114.5,115
2019/11/28,11641.7002,11654.05957,11604.67969,11617.08008,116,117.5,113.5,115
2019/11/29,11616.87988,11623.58984,11485.16016,11489.57031,116,116,113,113
2019/12/2,11509.94043,11524.84961,11454.37988,11502.83008,113.5,114.5,107.5,109.5
2019/12/3,11473.32031,11531.58008,11460.05957,11531.58008,110.5,112,108,108.5
2019/12/4,11511.82031,11513.83008,11457.42969,11510.46973,109,110,108,109.5
2019/12/5,11546.75,11604.38965,11546.75,11594.65039,110,111.5,108,108.5
2019/12/6,11639.79981,11657.65039,11577.83008,11609.63965,108,109.5,106.5,108.5
2019/12/9,11635.46973,11678.36035,11631.03027,11660.76953,107.5,111,107.5,110
2019/12/10,11647.78027,11649.73047,11607.25977,11627.83984,110,111,109,111
2019/12/11,11635.07031,11700.76953,11622.58008,11700.76953,110.5,111.5,109.5,110.5
2019/12/12,11766.98047,11875.98047,11766.98047,11836.41992,111,111,109,110.5
2019/12/13,11937.90039,11990.78027,11913.01953,11927.73047,111,111.5,108,108
2019/12/16,11915.61035,11975.73047,11915.61035,11939.76953,111,114.5,110.5,113
2019/12/17,11939.62012,12097.00977,11939.62012,12097.00977,114,115.5,114,114.5
2019/12/18,12061.09961,12125.90039,12059.91992,12122.4502,115.5,115.5,114,114.5
2019/12/19,12082.98047,12111.76953,12008.16016,12018.90039,114,114.5,111.5,112.5
2019/12/20,12001.55957,12028.21973,11937.4502,11959.08008,112.5,113.5,111.5,112
2019/12/23,11969.13965,12022.23047,11960.20996,12022.23047,111,112,111,111.5
2019/12/24,12023.79004,12027.59961,11976.37988,11976.37988,112,113.5,111,112
2019/12/25,11978.94043,12032.37012,11973.9502,12008.12988,111.5,113,111,112.5
2019/12/26,12018.37988,12030.66016,11982.63965,12001.00977,112.5,113,111.5,111.5
2019/12/27,12032.71973,12093.01953,12032.71973,12091.58984,111.5,113.5,111.5,113
2019/12/30,12094.80957,12114.88965,12046.21973,12053.37012,113.5,113.5,109.5,110.5
2019/12/31,12019.19043,12047.75,11997.13965,11997.13965,111.5,114.5,111,114.5
2020/1/2,12026.5,12110.74023,12026.23047,12100.48047,116.5,125.5,116.5,124
2020/1/3,12167.44043,12197.63965,12023.59961,12110.42969,125,127.5,120.5,123
2020/1/6,12035.70996,12040.08008,11953.36035,11953.36035,122.5,123,119,120.5
2020/1/7,11961.96973,11986.03027,11822.40039,11880.32031,123,124.5,114.5,116.5
2020/1/8,11818.75977,11899.66992,11777.4502,11817.09961,115,115.5,112,113.5
2020/1/9,11889.45996,11992.54981,11889.45996,11970.62988,115,116,114,114
2020/1/10,12009.26953,12038.20996,11959.05957,12024.65039,114.5,117.5,114,115.5
2020/1/13,12069.61035,12113.41992,12037.24023,12113.41992,117.5,120.5,116.5,117
2020/1/14,12161.73047,12186.62012,12140.26953,12179.80957,118,120,116.5,118
2020/1/15,12169.91992,12169.91992,12048.00977,12091.87988,117.5,118,115,116
2020/1/16,12006.08008,12075.54004,12006.08008,12066.92969,116.5,118,115,116.5
2020/1/17,12080.71973,12117.54981,12055.91016,12090.29004,117.5,118.5,117,117.5
2020/1/20,12107.55957,12151.41992,12101.54981,12118.70996,118.5,122,118,118.5
2020/1/30,11933.23047,11933.23047,11418.21973,11421.74023,113,113,107,108
2020/1/31,11494.03027,11594.20996,11436.9502,11495.09961,109.5,111.5,104.5,106
2020/2/3,11365.90039,11365.90039,11138.03027,11354.91992,99.5,107.5,97.900002,107.5
2020/2/4,11399.45996,11581.36035,11393.03027,11555.91992,111,114,109,109
2020/2/5,11601.54981,11620.41992,11512.70996,11573.62012,109.5,110.5,107,107.5
2020/2/6,11605.11035,11749.67969,11605.11035,11749.67969,109.5,110,108,109.5
2020/2/7,11712.70996,11712.70996,11592.08984,11612.80957,109.5,110,107.5,108
2020/2/10,11514.71973,11598.03027,11423.33984,11574.07031,104.5,108,102.5,107
2020/2/11,11614.25,11678.58008,11614.25,11664.04004,108.5,112,108,111.5
2020/2/12,11693.40039,11801.51953,11693.40039,11774.19043,122.5,122.5,120,122.5
2020/2/13,11813.5,11854.98047,11784.94043,11791.78027,126,126.5,122,122
2020/2/14,11806.51953,11840.79004,11788.87012,11815.7002,123.5,125,122,123.5
2020/2/17,11770.29981,11775.55957,11724.82031,11763.50977,122,124.5,120.5,124.5
2020/2/18,11700.91016,11717.09961,11642.9502,11648.98047,124.5,124.5,118,118.5
2020/2/19,11655.37012,11783.42969,11654.16016,11758.83984,120,121.5,118,119
2020/2/20,11785.78027,11827.83008,11714.15039,11725.08984,120.5,122,119,121.5
2020/2/21,11721.16016,11755.16992,11661.62988,11686.34961,121.5,122,119.5,120
2020/2/24,11615.28027,11615.28027,11512.08008,11534.87012,118,119,117,118
2020/2/25,11506.74023,11567.08984,11415.46973,11540.23047,116,119,115.5,119
2020/2/26,11433.62012,11433.62012,11433.62012,11433.62012,117.5,119,116.5,116.5
2020/2/27,11436.95996,11470.23047,11274.51953,11292.16992,117,117.5,112,113.5
2020/3/2,11184.66016,11282.04981,11049.84961,11170.45996,108.5,115,108.5,114
2020/3/3,11279.86035,11390.24023,11279.86035,11327.71973,117.5,120,117,117.5
2020/3/4,11368.25,11392.34961,11297.80957,11392.34961,117.5,117.5,114.5,116
2020/3/5,11454.65039,11525.32031,11454.65039,11514.82031,118,119.5,117,119.5
2020/3/6,11471.36035,11471.36035,11310.32031,11321.80957,119,119,117,117
2020/3/9,11221.75977,11221.75977,10977.63965,10977.63965,115.5,115.5,111,111.5
2020/3/10,10907.62012,11032.46973,10830.21973,11003.54004,108,114.5,107.5,113.5
2020/3/11,11022.82031,11088.23047,10885.91016,10893.75,115,116.5,113,113
2020/3/12,10845.38965,10845.38965,10359.66992,10422.32031,111,111,102,103.5
2020/3/13,10091.03027,10171.2002,9636.150391,10128.87012,94,99.5,93.199997,97.800003
2020/3/16,10069.41992,10130.79981,9717.769531,9717.769531,96.800003,99.599998,94,94
2020/3/17,9538.639648,9677.070313,9371.349609,9439.629883,90,94,89.699997,89.800003
2020/3/18,9453.980469,9509.610352,9218.669922,9218.669922,91.800003,91.900002,87,87
2020/3/19,9085.280273,9085.280273,8523.629883,8681.339844,85.099998,86.199997,78.800003,79.5
2020/3/20,8816.860352,9264.419922,8816.860352,9234.089844,86.800003,87.400002,85.300003,87.199997
2020/3/23,9025.549805,9029.519531,8750.139648,8890.030273,82.5,85.400002,81.900002,83.699997
2020/3/24,9083.780273,9415.639648,9083.780273,9285.620117,89.599998,91.699997,88.699997,91
2020/3/25,9426.429688,9722.370117,9426.429688,9644.75,94.800003,97.300003,93.699997,94.300003
2020/3/26,9667.139648,9739.730469,9565.019531,9736.360352,94.300003,96.800003,92.400002,96.5
2020/3/27,9807.900391,9954.860352,9691.139648,9698.919922,99,99.699997,95.5,95.5
2020/3/30,9571.219727,9655.700195,9415.519531,9629.429688,93,96.699997,92.900002,96.199997
2020/3/31,9689.620117,9789.80957,9630.299805,9708.05957,97.199997,97.5,94,95.400002
2020/4/1,9726.200195,9736,9663.629883,9663.629883,93,93.800003,91.5,93
2020/4/6,9707.75,9818.740234,9651.519531,9818.740234,92.599998,93.599998,90,91.099998
2020/4/7,9928.160156,10039.15039,9928.160156,9996.389648,92.599998,95.599998,92.099998,95.599998
2020/4/8,10010.63965,10149.75977,9984.660156,10137.46973,96.699997,104,96,100
2020/4/9,10173.25977,10246.83984,10092.36035,10119.42969,101,102.5,97.699997,98
2020/4/10,10105.42969,10165.12012,10103.76953,10157.61035,98.300003,98.800003,96,98.199997
2020/4/13,10147.55957,10179.40039,10080.65039,10099.21973,97.699997,99.699997,96.5,97.800003
2020/4/14,10130.65039,10344.12988,10130.65039,10332.94043,99,102,98.300003,101.5
2020/4/15,10366.76953,10461.83984,10366.76953,10447.20996,103,103.5,101,102.5
2020/4/16,10385.78027,10425.29004,10317.12988,10375.48047,100.5,103.5,100.5,103
2020/4/17,10554.54981,10710.15039,10552.58008,10597.04004,105,106,102,103
2020/4/20,10612.4502,10637.63965,10542.95996,10586.70996,103.5,104,102,103.5
2020/4/21,10544.8,10544.8,10278.95,10288.42,103.5,104.5,100.5,101
2020/4/22,10256.11,10310.85,10140.09,10307.74,100,102,98.5,101
2020/4/23,10370.12988,10462.7002,10294.87988,10366.50977,102,106,102,106
2020/4/24,10367.96973,10386.92969,10324.2002,10347.36035,105,106,103,105.5
2020/4/27,10407.49023,10578.95996,10407.49023,10567.26953,108,111,107,110.5
2020/4/28,10580.25,10620.51953,10537.70996,10616.05957,109.5,112,107,112
2020/4/29,10656.40039,10794.83008,10656.40039,10772.21973,108,109.5,105.5,108.5
2020/4/30,10826.25977,11012.78027,10826.25977,10992.13965,109,110,107,108.5
2020/5/4,10781.51,10781.51,10658.5,10720.48,105,108.5,104,105.5
2020/5/5,10756.95,10833.53,10735.01,10774.61,106.5,108.5,105,105.5
2020/5/6,10771.09,10828.73,10708.1,10774.98,106.5,107,105,106.5
2020/5/7,10778.53,10890.87,10775.16,10842.92,106.5,110,106.5,109
2020/5/8,10883.22,10970.7,10883.22,10901.42,110.5,111,108,108
2020/5/11,10942.18,11039.11,10942.18,11013.26,109.5,111.5,108.5,110
2020/5/12,10974.51,10974.51,10854.51,10879.47,110.5,111.5,108,109
2020/5/13,10861.01,10938.27,10828.93,10938.27,108,109,106.5,107
2020/5/14,10894.17,10894.17,10777.46,10780.88,106.5,108.5,104.5,104.5
2020/5/15,10833.16,10904.01,10730.55,10814.92,106,107,101.5,103.5
2020/5/18,10753.21,10812.87,10730.7,10740.55,103,104,100.5,100.5
2020/5/19,10812.79,10924.79,10812.79,10860.44,103,103.5,101,101.5
2020/5/20,10892.76,10933.98,10860.15,10907.8,102.5,103.5,101.5,101.5
2020/5/21,10933.21,11021.66,10933.21,11008.31,102.5,106,102.5,105.5
2020/5/22,10977.55,10977.55,10804.56,10811.15,105.5,106.5,103.5,103.5
2020/5/25,10812.94,10874.54,10719.25,10871.18,104.5,106,102.5,106
2020/5/26,10903.32,11046.22,10903.32,10997.21,106.5,109,106,108
2020/5/27,11023.93,11069.72,10972.25,11014.66,108,109,107,107.5
2020/5/28,11040.62,11087.53,10915.3,10944.19,108,108.5,106.5,106.5
2020/5/29,10921.16,10965.03,10861.9,10942.16,106.5,108.5,106.5,108.5
2020/6/1,10971.4,11109.29,10971.4,11079.02,110,112.5,109,111.5
2020/6/2,11109.27,11170.49,11102.97,11127.93,113.5,114,111.5,113
2020/6/3,11182.52,11330.52,11182.52,11320.16,115.5,116.5,113,115.5
2020/6/4,11373.94,11425.42,11341.58,11393.23,116.5,120,116,118
2020/6/5,11418.01,11482.36,11411.94,11479.4,118.5,121,117,118
2020/6/8,11539,11631.89,11528.44,11610.32,119,120,117.5,120
2020/6/9,11600.61,11640.45,11537.38,11637.11,122,123,117,117
2020/6/10,11635.99,11740.9,11621.02,11720.16,117,118.5,115.5,118
2020/6/11,11738.49,11771.12,11516.59,11535.77,116,117.5,114,114
2020/6/12,11406.54,11442.3,11244.64,11429.94,110,114.5,109.5,114.5
2020/6/15,11436.28,11469.84,11299.45,11306.26,114,114.5,113,113
2020/6/16,11380.67,11542.25,11380.67,11511.64,117,117,115,116
2020/6/17,11525.5,11550.32,11482.32,11534.59,116,116,113.5,114.5
2020/6/18,11534.2,11567.42,11485.39,11548.33,115,118.5,114,118
2020/6/19,11557.27,11584.88,11542.37,11549.86,119.5,120,116.5,120
2020/6/22,11553.91,11632.88,11553.91,11572.93,120.5,121,118,119
2020/6/23,11618.42,11679.4,11530.85,11612.36,119,119.5,116.5,118
2020/6/24,11647.86,11701.23,11637.79,11660.67,118.5,121,118.5,120.5
2020/6/29,11608.8,11608.8,11500.65,11542.62,119,120,117.5,118.5
2020/6/30,11563.6,11638,11563.6,11621.24,121,122,119,121.5
2020/7/1,11622.64,11736.39,11622.64,11703.42,123,132,122.5,126
2020/7/2,11694.1,11805.21,11690.95,11805.14,126.5,130,125,129.5
2020/7/3,11857.9,11933.59,11857.9,11909.16,133,138.5,131,136
2020/7/6,11941.84,12116.7,11941.84,12116.7,138,143,137,141.5
2020/7/7,12176.79,12249.95,12028.57,12092.97,140,141.5,135,136
2020/7/8,12086.13,12190.27,12083.84,12170.19,136,140.5,136,139
2020/7/9,12222.9,12273.43,12181.34,12192.69,139.5,147,139,143.5
2020/7/10,12250.44,12253.58,12030.2,12073.68,143.5,145,137.5,139.5
2020/7/13,12109.61,12216.24,12109.61,12211.56,141.5,143,139,140
2020/7/14,12202.89,12228.31,12143.91,12209.01,140,144.5,138,140
2020/7/15,12233.99,12320.48,12162.52,12202.85,143,146.5,141,142.5
2020/7/16,12173.04,12220.93,12107.04,12157.74,143,145,139.5,141.5
2020/7/17,12195.72,12266.93,12144.62,12181.56,142.5,143.5,139.5,141.5
2020/7/20,12205.25,12221.33,12065.8,12174.54,144,144,140,143.5
2020/7/21,12242.32,12450.16,12242.32,12397.55,145,149,144,145.5
2020/7/22,12389.76,12486.95,12389.4,12473.27,144.5,146,143.5,146
2020/7/23,12423.02,12429.76,12347.86,12413.04,146,151.5,145,149.5
2020/7/24,12467.43,12502.84,12266.55,12304.04,148.5,150.5,143.5,144.5
2020/7/27,12618.69,12686.36,12586.91,12588.3,146,150,144,148.5
2020/7/28,12951.72,13031.7,12533.19,12586.73,150.5,151,146,149
2020/7/29,12530.74,12660.87,12488.01,12540.97,151.5,153,148.5,150
2020/7/30,12691.86,12769.47,12616.83,12722.92,133,143,131,137
2020/7/31,12653.46,12733.48,12635.71,12664.8,137,142.5,137,141.5
2020/8/3,12642.73,12673.02,12506.59,12513.03,141.5,142.5,136,136
2020/8/4,12577.88,12709.92,12577.88,12709.92,138,139,134,138.5
2020/8/5,12762.34,12816.39,12739.99,12802.3,138.5,140,137.5,138.5
2020/8/6,12894.24,12971.87,12851.2,12913.5,139.5,140,135,136
2020/8/7,12901.43,12912.63,12791.18,12828.87,137,139.5,136.5,138.5
2020/8/10,12786.8,12933.16,12786.8,12894,138,138,133,133.5
2020/8/11,12856.46,12906.01,12780.19,12780.19,133.5,137.5,133,137.5
2020/8/12,12713.63,12730.96,12625.54,12670.35,136,139,135,138.5
2020/8/13,12758.87,12812.8,12717.13,12763.13,139,139.5,134,135.5
2020/8/14,12709.97,12801.31,12679.19,12795.46,135.5,138,134,137.5
2020/8/17,12813.94,12956.11,12800.69,12956.11,138,138.5,135,135.5
2020/8/18,12974.96,12981.58,12840.25,12872.14,136.5,137,132,133
2020/8/19,12904.84,12950.11,12778.64,12778.64,133.5,134,131,131
2020/8/20,12764.75,12764.75,12144.76,12362.64,131,131,119.5,121.5
2020/8/21,12462.52,12638.65,12462.52,12607.84,125,129.5,124.5,126
2020/8/24,12629.78,12702.94,12567.95,12647.13,128.5,130.5,126.5,128.5
2020/8/25,12706.4,12814.56,12698.85,12758.25,130,131.5,128.5,129.5
2020/8/26,12768.96,12833.29,12734.69,12833.29,129.5,130,128.5,129.5
2020/8/27,12888.65,12960.68,12786.45,12797.31,129.5,130,126.5,126.5
2020/8/28,12759.3,12799.16,12674.57,12728.85,126,128,125,127
2020/8/31,12763.44,12831.38,12591.45,12591.45,128,130,125.5,126
2020/9/1,12617.39,12703.28,12565.83,12703.28,126.5,128.5,123.5,128
2020/9/2,12772.43,12802.61,12646.47,12699.5,129,129,126,127.5
2020/9/3,12774.97,12857.79,12732.32,12757.97,129,129.5,126,127.5
2020/9/4,12645.92,12655.67,12559.78,12637.95,124.5,125.5,123.5,125
2020/9/7,12645.93,12725.05,12575.36,12601.4,125,126,122,122
2020/9/8,12637.42,12702.55,12614.72,12663.56,122.5,123,119,119.5
2020/9/9,12592.18,12616.57,12480.5,12608.58,118,122.5,117.5,122.5
2020/9/10,12665.74,12708.64,12650.4,12691.75,123,125,119,119.5
2020/9/11,12697.46,12701.79,12616.68,12675.95,120,121,117,121
2020/9/14,12680.41,12793.07,12680.41,12787.82,122,125,120.5,124.5
2020/9/15,12787.42,12857.73,12773.23,12845.65,124.5,129,124,128
2020/9/16,12989.81,13021.68,12948.72,12976.76,130,131,126,127
2020/9/17,12920.15,12972.52,12851.52,12872.74,126.5,127.5,125,126
2020/9/18,12858.6,12927.81,12841.09,12875.62,126,127.5,125,127.5
2020/9/21,12874.61,12952.31,12795.09,12795.12,128,128,125,125
2020/9/22,12786.91,12786.91,12632.74,12645.51,124.5,126.5,122,124.5
2020/9/23,12656.3,12700.89,12548.07,12583.88,125.5,126,122.5,124.5
2020/9/24,12487.48,12487.48,12264.38,12264.38,123,124,122,123
2020/9/25,12312.94,12385.81,12149.81,12232.91,123.5,124,118,119.5
2020/9/28,12282.36,12462.76,12282.36,12462.76,121.5,122.5,119.5,121.5
2020/9/29,12488.1,12571.34,12429.72,12467.73,123,123,121,121.5
2020/9/30,12483.65,12568.68,12466.58,12515.61,121.5,122,119.5,121.5
2020/10/5,12567.88,12637.62,12519.12,12548.28,121,123,120,120.5
2020/10/6,12644.09,12706.39,12644.09,12704.23,121.5,125,121.5,124
2020/10/7,12667.51,12774.36,12619.81,12746.37,124,124.5,123,124.5
2020/10/8,12832.54,12887.19,12818.01,12887.19,126,126,124,124.5
2020/10/12,12959.15,12997.79,12898.89,12955.91,125.5,125.5,122,122
2020/10/13,12988.44,12994.66,12857.1,12947.13,122,125.5,122,125
2020/10/14,12927.09,12960,12895.79,12919.31,124,124,120,120.5
2020/10/15,12892.29,12909.11,12786.26,12827.82,120,121,118.5,119.5
2020/10/16,12814.16,12896.3,12750.37,12750.37,119.5,121,119,119.5
2020/10/19,12803.32,12911.41,12803.32,12908.34,120,124.5,119.5,124
2020/10/20,12889.99,12917.75,12862.37,12862.37,123.5,125,123,123.5
2020/10/21,12889.88,12942.12,12846.42,12877.25,123.5,125,122.5,123
2020/10/22,12854.97,12917.03,12827.4,12917.03,123,124,119.5,120
2020/10/23,12945.12,12963.26,12875.23,12898.82,121,123,120,122
2020/10/26,12923.55,12971.58,12894.18,12909.03,122,122.5,120.5,122
2020/10/27,12867.77,12884.32,12821.07,12875.01,121,123.5,120.5,122.5
2020/10/28,12853.76,12879.98,12761.33,12793.75,122.5,123,120.5,121.5
2020/10/29,12687.64,12699.82,12583.37,12662.91,119,122,118.5,122
2020/10/30,12651.35,12656.29,12546.34,12546.34,118,119,116,116.5
2020/11/3,12641.28,12760.14,12641.28,12736.01,114.5,116,113.5,114.5
2020/11/4,12766.86,12885.28,12736.02,12867.9,115.5,117,114.5,116
2020/11/5,12878.01,12918.8,12840.4,12918.8,116,116.5,114.5,115
2020/11/6,12952.49,12999.16,12927.3,12973.53,116,118.5,115,118.5
2020/11/9,13053.98,13149.9,13048.67,13127.47,119.5,120.5,118,118.5
2020/11/10,13090.65,13142.22,13022.92,13081.72,119,119,115,115.5
2020/11/11,13067.04,13262.19,13067.04,13262.19,115.5,118.5,115.5,118
2020/11/12,13324.86,13324.86,13193.74,13221.78,120,120,118,118.5
2020/11/13,13221.8,13273.33,13170.12,13273.33,118,118.5,116,116.5
2020/11/16,13356.74,13551.83,13356.74,13551.83,117.5,120,117.5,117.5
2020/11/17,13723.77,13780.12,13593.01,13593.01,118,119,116,117
2020/11/18,13628.42,13773.29,13608.72,13773.29,116.5,117,114,114.5
2020/11/19,13775.26,13785.92,13700.04,13722.43,113.5,114.5,113,114
2020/11/20,13702.59,13726.22,13666.07,13716.44,114,116,113,114
2020/11/23,13793.55,13921.16,13793.55,13878.01,114.5,115.5,113.5,114.5
2020/11/24,13918.84,13951.17,13798.32,13807.13,115,117,114.5,115.5
2020/11/25,13860.95,13893.2,13731.81,13738.83,116.5,117.5,115.5,116.5
2020/11/26,13763.79,13856.76,13763.79,13845.66,117,118,115.5,117
2020/11/27,13833.21,13885.01,13811.81,13867.09,117,118,116,117.5
2020/11/30,13917.65,13969.39,13722.89,13722.89,118.5,121.5,117.5,120
2020/12/1,13810.55,13885.67,13749.71,13885.67,121.5,122.5,119.5,122.5
2020/12/2,13970.51,13995.7,13894.7,13989.14,123.5,123.5,121,122.5
2020/12/3,13988.49,14049.58,13940.07,13977.09,123.5,124,121,121.5
2020/12/4,14010.17,14149.56,14010.17,14132.44,121.5,122,120,121
2020/12/7,14230,14306.87,14142.02,14256.6,123,123.5,119.5,121.5
2020/12/8,14251.94,14367,14184.58,14360.4,123,124.5,122,123.5
2020/12/9,14336.69,14427.41,14336.69,14390.14,124,125,122,122.5
2020/12/10,14295.15,14319.38,14191.85,14249.49,122,122,119,120
2020/12/11,14298.59,14353.17,14081.42,14261.69,120.5,121,116,117
2020/12/14,14238.92,14270.34,14182.25,14211.05,117.5,118,115.5,117
2020/12/15,14206.33,14256.55,14053.35,14068.52,117,117,113,113.5
2020/12/16,14145.24,14339.5,14145.24,14304.46,115,118.5,115,118.5
2020/12/17,14326.16,14338.4,14213.49,14258.93,117.5,119,116.5,118
2020/12/18,14268.13,14329.12,14245.6,14249.96,118.5,121,118.5,120
2020/12/21,14273.79,14384.96,14166.89,14384.96,120,120.5,118,119
2020/12/22,14348.11,14411.93,14175.69,14177.46,119.5,119.5,116,117.5
2020/12/23,14180.7,14247.79,14134.87,14223.09,118.5,119,117,118.5
2020/12/24,14256.29,14324.42,14256.29,14280.28,119.5,121,119,119.5
2020/12/25,14306.98,14400.83,14296.97,14331.42,121,121.5,118.5,119.5
2020/12/28,14363.45,14483.07,14363.45,14483.07,119.5,120,119,119.5
2020/12/29,14500.91,14547.07,14435.03,14472.05,120.5,122.5,120,120
2020/12/30,14485.97,14695.44,14476.69,14687.7,121,121.5,120,121
2020/12/31,14704.53,14760.06,14646.33,14732.53,121,121.5,120,121
2021/1/4,14720.25,14937.13,14720.25,14902.03,121,124,120.5,123
2021/1/5,14913.64,15000.03,14861.99,15000.03,123,123,121,123
2021/1/6,15145.85,15197.68,14837,14983.13,124,126,122,122.5
2021/1/7,15059.52,15270.4,15049.86,15214,124,125,122.5,124
2021/1/8,15365.13,15463.95,15275.38,15463.95,124.5,125,122,122.5
2021/1/11,15425.58,15557.3,15395.73,15557.3,123,123.5,121,122.5
2021/1/12,15549.53,15642.03,15421.23,15500.7,122.5,122.5,119,119
2021/1/13,15550.16,15778.52,15550.16,15769.98,120,122.5,119.5,120
2021/1/14,15651.2,15760.15,15620.96,15707.19,120,125,120,124.5
2021/1/15,15987.16,16041.59,15615.11,15616.39,124.5,125,120,120.5
2021/1/18,15676.45,15676.45,15320.97,15612,119.5,120.5,117,120
2021/1/19,15716.64,15928.14,15716.64,15877.37,120,120.5,118,118.5
2021/1/20,15934.85,16004.32,15745.48,15806.18,118,118.5,113.5,113.5
2021/1/21,15775.73,16238.46,15775.73,16153.77,117.5,122,117,120
2021/1/22,15984.89,16138.04,15973.02,16019.03,120,124,119,121
2021/1/25,16006.21,16014.96,15772.63,15946.54,121.5,123.5,120,123
2021/1/26,15955.16,16023.87,15589.21,15658.85,124.5,125.5,121.5,121.5
2021/1/27,15711.76,15837.47,15642.12,15701.45,123,124,122.5,123
2021/1/28,15519.85,15557.02,15367.45,15415.88,120,123,120,121.5
2021/1/29,15544.36,15603.41,15138.31,15138.31,121.5,121.5,118.5,119
2021/2/1,15176.56,15429.98,15089.96,15410.09,119,119,115.5,117.5
2021/2/2,15546.69,15838.15,15546.69,15760.05,118.5,120,118,118
2021/2/3,15828.64,15896.4,15741.16,15771.32,119,119.5,118,118.5
2021/2/4,15697.75,15801.37,15606.74,15706.22,118,122.5,117.5,122
2021/2/5,15805.76,15938.09,15774.34,15802.4,123,123.5,121.5,122.5
2021/2/17,16197.45,16406.78,16197.45,16362.29,125,125,122.5,124.5
2021/2/18,16366.23,16517.73,16323.22,16424.51,125,126,122.5,125
2021/2/19,16376.91,16382.7,16211.25,16341.38,124,134,124,132
2021/2/22,16445.87,16579.17,16410.16,16410.16,131.5,132,128,129.5
2021/2/23,16320.88,16467.75,16211.75,16443.4,128.5,129,126.5,128
2021/2/24,16329.54,16456.94,16212.53,16212.53,129,131,127,127.5
2021/2/25,16376.8,16474.05,16322.27,16452.18,129,131,128,128
2021/2/26,16190.04,16190.04,15953.8,15953.8,126,127.5,125.5,126
2021/3/2,16127.87,16262.91,15946.88,15946.88,127.5,128,123.5,123.5
